Player,Team,G,GS,CG,SHO,IP,H,ER,K,BB,HR,W,L,SV,BS,HLD,ERA,WHIP
Justin Verlander,HOU,29,29,2,1,193.0,114,55,257,35,33,17,5,0,0,0,2.56,0.77
Shane Bieber,CLE,30,29,3,2,188.2,153,68,233,38,26,13,7,0,0,0,3.24,1.01
Madison Bumgarner,SF,30,30,0,0,181.2,166,77,179,37,25,9,8,0,0,0,3.81,1.12
Mike Minor,TEX,28,28,2,1,181.2,158,63,180,58,22,12,8,0,0,0,3.12,1.19
Lance Lynn,TEX,29,29,0,0,181.2,175,77,209,53,17,14,10,0,0,0,3.81,1.26
Stephen Strasburg,WAS,28,28,0,0,179.0,143,69,215,43,20,16,5,0,0,0,3.47,1.04
Aaron Nola,PHI,30,30,0,0,178.2,152,72,200,67,23,12,4,0,0,0,3.63,1.23
Gerrit Cole,HOU,28,28,0,0,176.1,125,55,266,43,26,15,5,0,0,0,2.81,0.95
Jacob deGrom,NYM,28,28,0,0,176.0,142,54,220,42,18,8,8,0,0,0,2.76,1.05
Patrick Corbin,WAS,28,28,1,1,174.2,142,62,201,54,19,11,6,0,0,0,3.19,1.12
Jose Berrios,MIN,28,28,0,0,174.0,173,73,169,45,24,11,8,0,0,0,3.78,1.25
German Marquez,COL,28,28,1,1,174.0,174,92,175,35,29,12,5,0,0,0,4.76,1.20
Eduardo Rodriguez,BOS,29,29,0,0,172.2,168,73,168,66,22,17,5,0,0,0,3.81,1.36
Charlie Morton,TB,29,29,0,0,170.1,137,58,209,50,13,14,6,0,0,0,3.06,1.10
Noah Syndergaard,NYM,27,27,1,1,170.0,158,75,171,43,18,10,7,0,0,0,3.97,1.18
Marco Gonzales,SEA,29,29,0,0,169.2,184,81,128,44,18,14,11,0,0,0,4.30,1.34
Mike Fiers,OAK,29,29,1,1,169.0,148,66,115,50,24,13,3,0,0,0,3.51,1.17
Jakob Junis,KC,29,29,0,0,167.2,179,92,155,53,28,9,12,0,0,0,4.94,1.38
Ivan Nova,CWS,29,29,2,0,167.0,198,87,98,42,27,9,12,0,0,0,4.69,1.44
Zack Wheeler,NYM,27,27,0,0,166.1,171,80,163,47,20,10,7,0,0,0,4.33,1.31
Luis Castillo,CIN,28,28,0,0,166.0,124,60,198,66,20,14,5,0,0,0,3.25,1.14
Brad Keller,KC,28,28,0,0,165.1,154,77,122,70,15,7,14,0,0,0,4.19,1.35
Matthew Boyd,DET,28,28,0,0,165.0,151,84,219,43,36,7,10,0,0,0,4.58,1.18
Lucas Giolito,CWS,27,27,3,2,163.2,123,60,210,55,21,14,8,0,0,0,3.30,1.09
Masahiro Tanaka,NYY,28,28,1,1,163.0,162,80,133,39,25,10,8,0,0,0,4.42,1.23
Sandy Alcantara,MIA,27,27,1,1,162.2,145,77,123,76,19,4,12,0,0,0,4.26,1.36
Hyun-Jin Ryu,LAD,26,26,1,1,161.2,147,44,142,24,15,12,5,0,0,0,2.45,1.06
Miles Mikolas,STL,28,28,1,1,160.1,169,77,124,25,23,8,13,0,0,0,4.32,1.21
Jack Flaherty,STL,28,28,0,0,160.1,119,56,186,48,23,9,7,0,0,0,3.14,1.04
Walker Buehler,LAD,26,26,2,0,159.1,137,58,190,28,18,12,3,0,0,0,3.28,1.04
Julio Teheran,ATL,29,29,0,0,157.1,131,59,146,76,16,9,8,0,0,0,3.38,1.32
Merrill Kelly,ARI,28,28,0,0,157.1,164,82,132,48,26,10,13,0,0,0,4.69,1.35
Jeff Samardzija,SF,28,28,0,0,157.0,132,63,128,43,24,9,11,0,0,0,3.61,1.11
Trevor Bauer,CLE,24,24,1,1,156.2,127,66,185,63,22,9,8,0,0,0,3.79,1.21
Wade Miley,HOU,28,28,0,0,156.0,136,53,134,54,21,13,4,0,0,0,3.06,1.22
Brett Anderson,OAK,27,27,0,0,156.0,158,70,77,45,18,11,9,0,0,0,4.04,1.30
Clayton Kershaw,LAD,24,24,0,0,155.0,124,51,165,33,23,13,4,0,0,0,2.96,1.01
Joe Musgrove,PIT,29,28,0,0,154.1,156,80,136,35,21,9,12,0,0,1,4.67,1.24
Kyle Hendricks,CHC,26,26,1,1,154.0,140,58,132,30,19,9,9,0,0,0,3.39,1.10
Rick Porcello,BOS,28,28,0,0,153.1,177,96,122,44,28,12,11,0,0,0,5.63,1.44
Reynaldo Lopez,CWS,28,28,0,0,153.0,170,92,138,57,27,8,12,0,0,0,5.41,1.48
Mike Soroka,ATL,25,25,0,0,152.2,133,43,119,35,10,11,3,0,0,0,2.53,1.10
Yu Darvish,CHC,27,27,0,0,152.1,122,72,183,52,31,5,6,0,0,0,4.25,1.14
Jose Quintana,CHC,27,26,0,0,152.1,154,66,137,41,17,12,8,0,0,0,3.90,1.28
Robbie Ray,ARI,28,28,0,0,152.0,130,67,199,70,25,12,7,0,0,0,3.97,1.32
Sonny Gray,CIN,27,27,0,0,151.1,109,47,174,60,15,10,6,0,0,0,2.80,1.12
Jon Lester,CHC,27,27,0,0,150.1,173,70,147,45,23,12,9,0,0,0,4.19,1.45
Jon Gray,COL,26,25,0,0,150.0,147,64,150,56,19,11,8,0,0,0,3.84,1.35
Kyle Gibson,MIN,28,27,0,0,149.1,157,76,146,45,20,13,6,0,0,0,4.58,1.35
Max Scherzer,WAS,23,23,0,0,148.2,123,43,207,28,13,9,5,0,0,0,2.60,1.02
Dakota Hudson,STL,28,27,0,0,147.2,145,58,114,68,20,14,6,1,0,0,3.53,1.44
Chris Sale,BOS,25,25,1,1,147.1,123,72,218,37,24,6,11,0,0,0,4.40,1.09
Zack Greinke,ARI,23,23,0,0,146.0,117,47,135,21,15,10,4,0,0,0,2.90,0.95
Yusei Kikuchi,SEA,28,28,1,1,144.1,166,86,105,46,33,6,9,0,0,0,5.36,1.47
Joey Lucchesi,SD,26,26,0,0,144.0,124,64,135,47,19,9,7,0,0,0,4.00,1.19
Anthony DeSclafani,CIN,27,27,0,0,142.2,136,65,147,44,27,9,8,0,0,0,4.10,1.26
Max Fried,ATL,28,26,1,0,142.1,154,64,150,42,17,15,4,0,0,0,4.05,1.38
Adam Wainwright,STL,26,26,0,0,142.1,145,68,131,57,17,10,9,0,0,0,4.30,1.42
Kenta Maeda,LAD,28,26,0,0,142.0,109,66,154,47,21,8,8,1,0,1,4.18,1.10
Jake Odorizzi,MIN,27,27,0,0,142.0,126,57,152,49,16,14,6,0,0,0,3.61,1.23
Martin Perez,MIN,27,24,0,0,141.2,153,77,120,59,19,9,6,0,0,0,4.89,1.50
Michael Pineda,MIN,25,25,0,0,140.0,137,64,130,26,22,11,5,0,0,0,4.11,1.16
J.A. Happ,NYY,27,27,0,0,140.0,143,83,117,44,32,11,8,0,0,0,5.34,1.34
Anibal Sanchez,WAS,26,26,0,0,140.0,134,64,118,55,19,8,7,0,0,0,4.11,1.35
Dylan Bundy,BAL,26,26,0,0,138.0,139,76,138,48,26,6,13,0,0,0,4.96,1.36
Mike Leake,SEA,22,22,2,1,137.0,153,65,100,19,26,9,8,0,0,0,4.27,1.26
Zach Davies,MIL,26,26,0,0,136.1,141,57,87,45,19,8,7,0,0,0,3.76,1.36
Jake Arrieta,PHI,24,24,0,0,135.2,149,70,110,51,21,8,8,0,0,0,4.64,1.47
Zach Eflin,PHI,27,23,2,1,135.0,144,65,106,37,22,8,11,0,0,0,4.33,1.34
Steven Matz,NYM,27,25,1,1,133.2,136,60,128,39,23,9,8,0,0,1,4.04,1.31
Domingo German,NYY,24,23,0,0,132.1,119,59,141,33,29,17,3,0,0,0,4.01,1.15
Daniel Norris,DET,28,25,0,0,132.1,147,70,114,38,25,3,11,0,0,0,4.76,1.40
James Paxton,NYY,25,25,0,0,132.0,125,61,168,50,22,12,6,0,0,0,4.16,1.33
Eric Lauer,SD,26,25,0,0,130.2,143,66,115,39,19,8,8,0,0,0,4.55,1.39
Chris Bassitt,OAK,23,23,0,0,130.0,111,53,118,44,19,9,5,0,0,0,3.67,1.19
Chris Paddack,SD,24,24,0,0,129.2,103,51,137,29,22,8,7,0,0,0,3.54,1.02
Trent Thornton,TOR,27,27,0,0,129.2,143,77,123,52,23,4,9,0,0,0,5.34,1.50
Caleb Smith,MIA,23,23,0,0,127.2,98,61,148,47,28,8,9,0,0,0,4.30,1.14
Cole Hamels,CHC,23,23,0,0,126.2,123,52,122,45,14,7,5,0,0,0,3.69,1.33
Yonny Chirinos,TB,23,17,0,0,126.2,106,51,110,28,19,9,5,0,0,0,3.62,1.06
Trevor Williams,PIT,22,22,0,0,125.2,140,72,96,34,21,7,6,0,0,0,5.16,1.38
Spencer Turnbull,DET,25,25,0,0,125.1,128,62,116,52,13,3,14,0,0,0,4.45,1.44
Marcus Stroman,TOR,21,21,0,0,124.2,118,41,99,35,10,6,11,0,0,0,2.96,1.23
John Means,BAL,26,22,0,0,124.1,112,49,99,32,18,10,9,0,0,0,3.55,1.16
Ryan Yarbrough,TB,24,10,0,0,121.1,95,47,102,14,11,11,3,0,0,0,3.49,0.90
Chris Archer,PIT,23,23,0,0,119.2,114,69,143,55,25,3,9,0,0,0,5.19,1.41
Brandon Woodruff,MIL,20,20,0,0,117.2,109,49,136,29,12,11,3,0,0,0,3.75,1.17
Adrian Sampson,TEX,30,15,1,0,117.0,147,76,94,34,27,6,8,0,0,0,5.85,1.55
Ariel Jurado,TEX,29,17,1,0,116.2,136,70,78,34,20,7,10,0,0,1,5.40,1.46
Wade LeBlanc,SEA,24,8,0,0,116.1,136,71,85,27,28,6,7,0,0,0,5.49,1.40
Chase Anderson,MIL,27,22,0,0,116.0,109,59,106,41,20,6,4,0,0,0,4.58,1.29
Glenn Sparkman,KC,26,18,1,1,113.2,135,74,66,34,24,3,10,0,0,0,5.86,1.49
Aaron Sanchez,TOR,23,23,0,0,112.2,131,76,99,59,15,3,14,0,0,0,6.07,1.69
Trevor Richards,MIA,23,20,0,0,112.0,104,56,103,51,16,3,12,0,0,1,4.50,1.38
Michael Wacha,STL,25,20,0,0,112.0,124,62,96,50,25,6,6,0,0,0,4.98,1.55
Tanner Roark,CIN,21,21,0,0,110.1,119,52,108,38,14,6,7,0,0,0,4.24,1.42
Tyler Mahle,CIN,20,20,0,0,108.2,111,57,111,26,18,2,10,0,0,0,4.72,1.26
David Price,BOS,22,22,0,0,107.1,109,51,128,32,15,7,5,0,0,0,4.28,1.31
Danny Duffy,KC,19,19,0,0,106.2,112,58,93,37,19,5,6,0,0,0,4.89,1.40
Matt Strahm,SD,35,16,0,0,105.0,112,57,107,22,21,5,8,0,1,4,4.89,1.28
Antonio Senzatela,COL,21,21,0,0,102.2,134,82,57,49,15,8,10,0,0,0,7.19,1.78
Blake Snell,TB,20,20,0,0,101.0,91,48,136,35,14,6,7,0,0,0,4.28,1.25
CC Sabathia,NYY,20,20,0,0,100.1,104,55,96,36,27,5,8,0,0,0,4.93,1.40
Jalen Beeks,TB,29,3,0,0,100.0,110,48,83,37,12,6,3,1,0,2,4.32,1.47
Vince Velasquez,PHI,29,19,0,0,99.1,97,53,108,37,22,6,7,0,0,2,4.80,1.35
Kyle Freeland,COL,20,20,0,0,99.1,120,77,78,38,25,3,11,0,0,0,6.98,1.59
Jorge Lopez,KC,34,13,0,0,98.0,110,72,95,38,21,2,7,1,1,0,6.61,1.51
Andrew Cashner,BAL,17,17,0,0,96.1,86,41,66,29,11,9,3,0,0,0,3.83,1.19
Felix Pena,LAA,22,7,0,0,96.1,80,49,101,34,16,8,3,0,0,1,4.58,1.18
Tyler Beede,SF,20,18,0,0,96.1,113,60,91,40,20,3,9,0,0,0,5.61,1.59
Steven Brault,PIT,21,15,0,0,95.0,92,41,80,41,9,4,3,0,0,0,3.88,1.40
Trevor Cahill,LAA,31,11,0,0,94.1,102,65,72,35,24,3,9,0,0,0,6.20,1.45
Gabriel Ynoa,BAL,32,10,0,0,94.1,103,60,59,22,22,1,8,0,0,0,5.72,1.33
Jason Vargas,NYM,19,18,1,1,94.1,81,42,81,39,14,6,5,0,0,0,4.01,1.27
Jordan Zimmermann,DET,19,19,0,0,94.0,112,63,69,22,14,1,9,0,0,0,6.03,1.43
Tommy Milone,SEA,19,6,0,0,93.2,91,51,80,19,22,3,8,0,0,0,4.90,1.17
Mike Clevinger,CLE,16,16,0,0,93.0,67,28,132,30,7,10,2,0,0,0,2.71,1.04
Zach Plesac,CLE,17,17,0,0,92.1,79,37,70,33,17,7,5,0,0,0,3.61,1.21
Mike Foltynewicz,ATL,17,17,0,0,92.0,96,54,81,34,20,5,5,0,0,0,5.28,1.41
Adrian Houser,MIL,30,13,0,0,91.1,86,35,93,32,12,6,5,0,0,1,3.45,1.29
Cal Quantrill,SD,20,15,0,0,90.2,88,46,75,23,12,6,6,0,0,1,4.57,1.22
Griffin Canning,LAA,18,17,0,0,90.1,80,46,96,30,14,5,6,0,0,0,4.58,1.22
Frankie Montas,OAK,15,15,0,0,90.0,80,27,97,21,7,9,2,0,0,0,2.70,1.12
Homer Bailey,KC,18,18,0,0,90.0,89,48,81,38,12,7,6,0,0,0,4.80,1.41
Nick Pivetta,PHI,25,13,1,0,89.0,100,53,83,35,19,4,6,1,0,1,5.36,1.52
Brad Peacock,HOU,20,15,0,0,88.2,76,40,94,29,14,7,6,0,0,0,4.06,1.18
Jhoulys Chacin,MIL,19,19,0,0,88.2,99,57,80,39,19,3,10,0,0,0,5.79,1.56
Shaun Anderson,SF,19,16,0,0,87.2,104,52,59,33,13,3,4,0,0,0,5.34,1.56
Dereck Rodriguez,SF,23,14,0,0,87.1,92,50,58,30,16,5,8,0,0,0,5.15,1.40
Adam Plutko,CLE,16,15,0,0,87.1,87,44,58,18,20,6,4,0,0,0,4.53,1.20
Sam Gaviglio,TOR,44,0,0,0,86.2,77,43,79,18,16,4,2,0,0,0,4.47,1.10
Dallas Keuchel,ATL,14,14,0,0,84.2,85,35,70,27,12,6,5,0,0,0,3.72,1.32
Pablo Lopez,MIA,16,16,0,0,84.2,79,46,77,19,12,5,7,0,0,0,4.89,1.16
Jordan Lyles,PIT,17,17,0,0,82.1,88,49,90,33,16,5,7,0,0,0,5.36,1.47
Ross Stripling,LAD,28,13,0,0,81.2,74,31,80,19,11,4,4,0,0,3,3.42,1.14
Kevin Gausman,ATL,16,16,0,0,80.0,92,55,85,27,12,3,7,0,0,0,6.19,1.49
Tyler Skaggs,LAA,15,15,0,0,79.2,73,38,78,28,9,7,7,0,0,0,4.29,1.27
Jesse Chavez,TEX,48,9,0,0,78.0,82,42,72,22,12,3,5,1,1,8,4.85,1.33
Drew Pomeranz,SF,21,17,0,0,77.2,89,49,92,36,17,2,9,0,0,0,5.68,1.61
Jose Urena,MIA,16,13,0,0,76.2,88,42,51,24,11,4,8,1,1,0,4.93,1.46
Peter Lambert,COL,16,16,0,0,76.1,103,61,50,29,17,2,6,0,0,0,7.19,1.73
Freddy Peralta,MIL,32,8,0,0,76.0,81,48,96,35,15,5,3,1,1,3,5.68,1.53
Zack Godley,ARI,27,9,0,0,76.0,81,54,58,35,12,3,5,2,0,0,6.39,1.53
Andrew Heaney,LAA,14,14,0,0,75.2,66,35,92,25,14,3,4,0,0,0,4.16,1.20
David Hess,BAL,20,14,0,0,75.0,89,62,65,28,28,1,10,0,0,0,7.44,1.56
Collin McHugh,HOU,35,8,0,0,74.2,62,39,82,30,12,4,5,0,0,4,4.70,1.23
Junior Guerra,MIL,63,0,0,0,74.1,49,30,70,32,10,8,5,3,7,19,3.63,1.09
Michael Lorenzen,CIN,66,0,0,0,74.0,63,25,75,27,9,1,4,6,4,18,3.04,1.22
Yusmeiro Petit,OAK,71,0,0,0,73.1,53,23,58,7,10,5,3,0,1,25,2.82,0.82
Liam Hendriks,OAK,64,2,0,0,73.1,54,14,105,19,4,4,2,18,5,7,1.72,1.00
Luis Cessa,NYY,37,0,0,0,73.0,66,31,70,25,12,2,1,1,0,4,3.82,1.25
Erick Fedde,WAS,18,12,0,0,73.0,76,34,40,31,11,4,2,0,0,0,4.19,1.47
Craig Stammen,SD,67,0,0,0,72.2,76,29,63,14,12,7,7,4,9,27,3.59,1.24
Taylor Clarke,ARI,18,14,0,0,71.0,75,43,54,23,18,4,5,1,0,0,5.45,1.38
Josh Tomlin,ATL,44,0,0,0,71.0,71,31,46,7,13,2,1,2,2,6,3.93,1.10
Julio Urias,LAD,28,7,0,0,70.2,53,20,70,23,7,4,3,4,1,2,2.55,1.08
Marcus Walden,BOS,60,0,0,0,69.2,50,26,68,25,6,8,2,2,3,6,3.36,1.08
Elieser Hernandez,MIA,18,12,0,0,69.1,62,39,68,23,17,3,5,0,0,0,5.06,1.23
Nick Ramirez,DET,39,0,0,0,69.0,69,34,62,29,11,5,4,0,1,0,4.43,1.42
Seth Lugo,NYM,53,0,0,0,69.0,49,22,87,16,7,5,3,4,5,20,2.87,0.94
Derek Holland,SF,31,7,1,0,68.2,68,45,71,35,17,2,4,0,0,0,5.90,1.50
Jordan Yamamoto,MIA,13,13,0,0,68.1,47,37,69,30,11,4,5,0,0,0,4.87,1.13
Gio Gonzalez,MIL,14,14,0,0,67.1,60,31,60,32,8,2,2,0,0,0,4.14,1.37
Tyler Chatwood,CHC,33,5,0,0,67.1,62,31,65,36,8,5,3,2,2,3,4.14,1.46
Carlos Carrasco,CLE,14,12,1,1,67.0,80,41,81,11,16,4,7,0,1,0,5.51,1.36
Bryan Shaw,COL,63,0,0,0,66.2,65,41,53,25,11,2,2,0,5,9,5.54,1.35
Miguel Castro,BAL,58,0,0,0,66.1,58,33,59,37,9,1,2,2,3,7,4.48,1.43
Jaime Barria,LAA,15,10,0,0,66.0,73,46,64,22,16,4,7,0,0,0,6.27,1.44
John Brebbia,STL,57,0,0,0,66.0,48,23,79,22,5,3,3,0,1,9,3.14,1.06
Thomas Pannone,TOR,30,6,0,0,65.2,64,47,62,28,13,3,5,0,0,1,6.44,1.40
Luke Jackson,ATL,62,0,0,0,65.1,67,26,90,25,9,8,2,18,7,8,3.58,1.41
Asher Wojciechowski,BAL,13,12,0,0,65.0,56,37,66,24,16,2,7,0,0,0,5.12,1.23
Archie Bradley,ARI,58,1,0,0,63.2,62,28,79,34,5,4,5,12,3,7,3.96,1.51
Chad Bettis,COL,39,3,0,0,63.2,78,43,42,21,10,1,6,1,2,4,6.08,1.55
Robert Gsellman,NYM,52,0,0,0,63.2,64,33,60,23,7,2,3,1,4,7,4.66,1.37
Joakim Soria,OAK,65,1,0,0,63.1,50,33,73,19,9,1,4,1,5,18,4.69,1.09
Josh Hader,MIL,50,0,0,0,63.1,34,19,115,17,13,2,5,28,6,6,2.70,0.81
Ty Buttrey,LAA,62,0,0,0,63.1,60,25,76,19,7,6,6,2,4,21,3.55,1.25
Giovanny Gallegos,STL,55,0,0,0,63.1,37,16,84,13,7,3,2,0,1,16,2.27,0.79
Francisco Liriano,PIT,62,0,0,0,63.1,55,25,59,32,8,4,3,0,3,10,3.55,1.37
Luis Perdomo,SD,39,1,0,0,63.0,60,24,50,14,5,2,3,0,0,7,3.43,1.17
Jose Suarez,LAA,14,13,0,0,63.0,79,47,58,25,18,2,5,0,0,0,6.71,1.65
Brandon Workman,BOS,64,0,0,0,63.0,26,15,90,39,1,9,1,11,6,15,2.14,1.03
Carlos Estevez,COL,62,0,0,0,62.2,67,29,72,21,11,2,2,0,1,6,4.16,1.40
Wander Suero,WAS,67,0,0,0,62.2,56,30,71,20,4,5,7,1,4,16,4.31,1.21
John Gant,STL,56,0,0,0,62.1,45,20,52,27,4,10,0,3,3,16,2.89,1.16
Luke Weaver,ARI,11,11,0,0,62.1,55,21,68,14,6,4,3,0,0,0,3.03,1.11
Hansel Robles,LAA,62,1,0,0,62.1,53,18,62,15,5,4,0,19,3,2,2.60,1.09
Pedro Baez,LAD,64,0,0,0,62.1,39,23,65,21,5,7,2,1,5,22,3.32,0.96
Wei-Yin Chen,MIA,41,0,0,0,61.2,76,47,55,16,14,0,1,0,0,3,6.86,1.49
Framber Valdez,HOU,22,7,0,0,61.2,64,38,58,34,9,4,7,0,0,0,5.55,1.59
Cam Bedrosian,LAA,59,7,0,0,61.1,48,22,64,22,7,3,3,1,2,15,3.23,1.14
Sean Newcomb,ATL,46,4,0,0,60.2,55,22,56,25,8,6,3,1,2,15,3.26,1.32
Taylor Rogers,MIN,51,0,0,0,60.2,53,17,79,10,7,2,3,23,6,10,2.52,1.04
Chris Devenski,HOU,54,1,0,0,60.0,64,35,66,20,12,2,3,0,1,6,5.25,1.40
Scott Barlow,KC,52,0,0,0,59.2,54,31,80,33,6,3,3,1,2,11,4.68,1.46
Adam Ottavino,NYY,65,0,0,0,59.2,40,11,80,36,4,6,4,2,5,27,1.66,1.27
Matt Harvey,LAA,12,12,0,0,59.2,63,47,39,29,13,3,5,0,0,0,7.09,1.54
Emilio Pagan,TB,56,0,0,0,59.2,37,15,84,12,10,3,2,17,7,6,2.26,0.82
Matt Andriese,ARI,45,0,0,0,59.1,62,33,68,23,7,5,4,1,1,2,5.01,1.43
Nestor Cortes,NYY,27,0,0,0,59.0,59,33,61,22,13,5,0,0,1,1,5.03,1.37
Jacob Waguespack,TOR,12,9,0,0,59.0,53,26,46,22,8,4,3,0,0,0,3.97,1.27
Will Smith,SF,57,0,0,0,59.0,43,19,85,18,9,5,0,31,4,0,2.90,1.03
Jose Leclerc,TEX,60,3,0,0,58.2,43,28,87,33,6,2,4,9,4,7,4.30,1.30
Alex Young,ARI,12,11,0,0,58.2,49,25,46,18,9,6,3,0,0,0,3.84,1.14
Dylan Cease,CWS,11,11,0,0,58.2,66,44,64,25,14,3,7,0,0,0,6.75,1.55
Raisel Iglesias,CIN,59,0,0,0,58.1,57,29,78,20,11,2,11,29,5,3,4.47,1.32
Jerad Eickhoff,PHI,12,10,0,0,58.1,58,37,51,18,18,3,4,1,0,0,5.71,1.30
Hector Neris,PHI,58,0,0,0,58.1,38,20,78,20,9,3,5,23,6,2,3.09,0.99
Steve Cishek,CHC,62,0,0,0,58.0,44,20,54,21,7,3,5,7,3,11,3.10,1.12
Chad Green,NYY,47,13,0,0,57.2,63,31,76,17,10,2,4,2,0,4,4.84,1.39
Lou Trivino,OAK,57,0,0,0,57.1,59,35,54,30,7,4,6,0,4,16,5.49,1.55
Yimi Garcia,LAD,56,0,0,0,57.0,36,23,62,13,15,1,4,0,2,3,3.63,0.86
Buck Farmer,DET,63,1,0,0,57.0,58,28,66,21,8,5,6,0,3,13,4.42,1.39
Noe Ramirez,LAA,42,5,0,0,57.0,51,25,69,17,9,4,3,0,0,2,3.95,1.19
Diego Castillo,TB,55,6,0,0,57.0,54,24,66,22,7,3,8,8,2,14,3.79,1.33
Reyes Moronta,SF,56,0,0,0,56.2,41,18,70,33,4,3,7,0,5,15,2.86,1.31
Josh Osich,CWS,48,0,0,0,56.2,53,33,50,14,14,1,0,0,0,0,5.24,1.18
Alex Claudio,MIL,73,0,0,0,56.2,52,24,42,22,7,2,2,0,3,21,3.81,1.31
Blake Treinen,OAK,54,0,0,0,56.1,56,30,54,34,9,6,5,16,5,2,4.79,1.60
Ian Kennedy,KC,56,0,0,0,56.1,58,22,65,15,5,2,2,26,4,1,3.51,1.30
Scott Oberg,COL,49,0,0,0,56.0,39,14,58,23,5,6,1,5,3,8,2.25,1.11
Robert Stephenson,CIN,49,0,0,0,55.2,38,24,71,22,7,3,2,0,1,8,3.88,1.08
Ryne Stanek,TB,41,27,0,0,55.2,44,21,61,20,7,0,2,0,0,2,3.40,1.15
Adam Conley,MIA,54,0,0,0,55.2,70,39,50,23,10,2,7,2,1,6,6.31,1.67
Daniel Mengden,OAK,11,9,0,0,55.2,54,30,41,25,6,5,2,0,0,0,4.85,1.42
Felipe Vazquez,PIT,52,0,0,0,55.2,40,11,82,12,5,5,1,24,3,0,1.78,0.93
Richard Rodriguez,PIT,61,0,0,0,55.2,55,23,51,19,12,3,5,1,4,13,3.72,1.33
Kirby Yates,SD,55,0,0,0,55.2,39,8,92,12,2,0,5,39,3,0,1.29,0.92
Zack Britton,NYY,59,0,0,0,55.1,36,13,45,32,3,3,1,3,4,28,2.11,1.23
Matt Albers,MIL,60,0,0,0,55.1,46,29,53,26,6,5,4,4,1,10,4.72,1.30
Brad Hand,CLE,58,0,0,0,55.1,53,21,80,17,6,6,4,33,5,0,3.42,1.27
Luis Garcia,LAA,56,2,0,0,55.0,53,27,48,31,11,2,1,1,1,5,4.42,1.53
Yoan Lopez,ARI,62,0,0,0,55.0,43,17,37,16,9,2,5,1,3,21,2.78,1.07
Tommy Kahnle,NYY,64,0,0,0,55.0,38,19,81,16,8,3,1,0,4,25,3.11,0.98
Nick Margevicius,SD,14,12,0,0,55.0,70,40,40,17,12,2,6,0,0,0,6.55,1.58
Roberto Osuna,HOU,56,0,0,0,54.2,40,19,58,10,8,4,3,31,6,0,3.13,0.91
Ross Detwiler,CWS,15,9,0,0,54.1,69,41,40,22,16,2,5,0,0,0,6.79,1.67
Aaron Bummer,CWS,47,0,0,0,54.0,37,12,48,19,3,0,0,1,1,19,2.00,1.04
Matt Barnes,BOS,59,0,0,0,54.0,44,26,94,28,8,4,4,4,7,23,4.33,1.33
Tony Watson,SF,60,0,0,0,54.0,57,26,41,12,9,2,2,0,3,25,4.33,1.28
Dario Agrazal,PIT,11,10,0,0,54.0,58,27,27,14,11,4,3,0,0,0,4.50,1.33
Brett Martin,TEX,44,2,0,0,54.0,64,31,52,14,6,1,3,0,1,4,5.17,1.44
Joe Ross,WAS,25,7,0,0,54.0,65,37,45,29,6,3,4,0,2,2,6.17,1.74
Sean Doolittle,WAS,56,0,0,0,54.0,61,25,59,14,10,6,4,28,6,0,4.17,1.39
Tyler Clippard,CLE,45,2,0,0,53.2,32,16,55,12,5,0,0,0,0,6,2.68,0.82
Mychal Givens,BAL,48,0,0,0,53.2,39,24,74,20,10,2,5,11,6,5,4.02,1.10
Kenley Jansen,LAD,53,0,0,0,53.2,45,23,70,13,9,4,3,28,7,0,3.86,1.08
Trevor May,MIN,55,0,0,0,53.1,38,19,66,23,6,5,3,1,2,12,3.21,1.14
Brandon Kintzler,CHC,57,0,0,0,53.1,39,15,45,13,5,3,2,0,2,17,2.53,0.98
Rich Hill,LAD,10,10,0,0,53.0,47,15,61,12,10,4,1,0,0,0,2.55,1.11
Hector Rondon,HOU,54,1,0,0,53.0,50,22,42,19,8,3,2,0,3,15,3.74,1.30
Will Harris,HOU,59,0,0,0,52.2,40,10,52,13,6,4,1,1,1,23,1.71,1.01
Aroldis Chapman,NYY,55,0,0,0,52.2,35,13,79,25,2,3,2,36,5,0,2.22,1.14
Nick Wittgren,CLE,49,0,0,0,52.2,41,16,52,13,8,4,1,4,2,10,2.73,1.03
T.J. McFarland,ARI,44,0,0,0,52.2,68,30,35,19,6,0,0,0,0,7,5.13,1.65
Trevor Gott,SF,50,0,0,0,52.2,41,26,57,17,4,7,0,1,1,1,4.44,1.10
Felix Hernandez,SEA,11,11,0,0,52.1,60,35,46,16,13,1,5,0,0,0,6.02,1.45
Derek Law,TOR,48,4,0,0,52.1,50,29,59,35,8,0,2,4,1,4,4.99,1.62
Dillon Peters,LAA,12,7,0,0,52.1,57,24,44,15,10,3,2,0,0,0,4.13,1.38
Dylan Covey,CWS,16,10,0,0,52.1,61,40,35,23,11,1,7,0,1,0,6.88,1.61
Josh James,HOU,40,1,0,0,52.1,36,27,83,33,8,4,0,1,1,4,4.64,1.32
Jose Alvarez,PHI,58,1,0,0,52.0,57,18,42,15,6,3,4,1,2,11,3.12,1.38
Alex Colome,CWS,52,0,0,0,52.0,32,14,44,21,4,4,2,26,1,0,2.42,1.02
Kyle Ryan,CHC,63,0,0,0,52.0,46,17,51,18,3,4,2,0,1,14,2.94,1.23
Jeremy Jeffress,MIL,48,0,0,0,52.0,54,29,46,17,5,3,4,1,3,12,5.02,1.37
Paul Fry,BAL,56,0,0,0,51.1,46,27,48,23,5,1,7,3,4,9,4.73,1.34
Adam Cimber,CLE,59,0,0,0,51.1,48,23,34,17,5,5,2,0,1,18,4.03,1.27
Drew Smyly,TEX,13,9,0,0,51.1,64,48,52,34,19,1,5,1,0,0,8.42,1.91
Dinelson Lamet,SD,10,10,0,0,51.0,43,24,70,22,8,2,3,0,0,0,4.24,1.27
Edwin Diaz,NYM,58,0,0,0,51.0,53,32,86,20,13,1,7,25,6,0,5.65,1.43
Sam Dyson,SF,49,0,0,0,51.0,39,14,47,7,3,4,1,2,1,17,2.47,0.90
Joe Jimenez,DET,57,0,0,0,50.2,47,28,70,22,12,3,7,4,5,15,4.97,1.36
Amir Garrett,CIN,60,0,0,0,50.2,37,16,73,32,6,4,2,0,2,21,2.84,1.36
Aaron Brooks,OAK,15,6,0,0,50.1,49,28,43,14,12,2,3,0,0,0,5.01,1.25
Ryan Pressly,HOU,51,0,0,0,50.1,36,14,65,11,6,2,3,3,5,27,2.50,0.93
Gregory Soto,DET,25,7,0,0,50.1,65,33,37,26,8,0,5,0,1,2,5.90,1.81
Tim Mayza,TOR,65,0,0,0,50.1,44,27,54,26,8,1,3,0,1,17,4.83,1.39
Erik Swanson,SEA,19,8,0,0,50.0,52,35,45,10,16,1,5,0,0,0,6.30,1.24
Joe Biagini,TOR,50,0,0,0,50.0,50,21,50,17,8,3,1,1,2,12,3.78,1.34
Ryne Harper,MIN,57,0,0,0,49.2,48,20,45,9,6,3,2,1,3,11,3.62,1.15
Homer Bailey,OAK,9,9,0,0,49.2,54,29,47,10,8,5,2,0,0,0,5.26,1.29
Robbie Erlin,SD,33,1,0,0,49.2,66,29,47,13,5,0,1,0,1,5,5.26,1.59
Jeurys Familia,NYM,55,0,0,0,49.0,50,35,55,41,6,4,2,0,4,12,6.43,1.86
Andrew Chafin,ARI,67,0,0,0,49.0,47,22,61,16,6,2,2,0,3,20,4.04,1.29
Hector Velazquez,BOS,27,8,0,0,49.0,47,31,46,23,7,1,4,0,1,1,5.69,1.43
Kevin McCarthy,KC,45,0,0,0,48.2,61,28,28,19,3,3,2,1,4,5,5.18,1.64
Michael Feliz,PIT,49,1,0,0,48.2,39,21,63,20,8,2,4,0,1,3,3.88,1.21
Tyler Glasnow,TB,8,8,0,0,48.1,35,10,55,9,3,6,1,0,0,0,1.86,0.91
Jared Hughes,CIN,47,0,0,0,48.1,41,22,34,19,6,3,4,1,2,3,4.10,1.24
Ryan Brasier,BOS,53,0,0,0,48.1,46,29,49,18,8,2,4,7,4,10,5.40,1.32
Colten Brewer,BOS,48,0,0,0,48.0,53,23,44,31,5,1,2,0,1,5,4.31,1.75
Daniel Hudson,TOR,45,1,0,0,48.0,38,16,48,23,5,6,3,2,2,8,3.00,1.27
Kyle Crick,PIT,51,0,0,0,48.0,41,27,59,34,10,3,7,0,6,13,5.06,1.56
Dan Straily,BAL,14,8,0,0,47.2,73,52,33,22,22,2,4,0,0,0,9.82,1.99
Tyler Duffey,MIN,48,0,0,0,47.2,40,14,65,14,7,4,1,0,1,10,2.64,1.13
Joe Kelly,LAD,49,0,0,0,47.1,46,24,57,19,6,5,3,1,4,8,4.56,1.37
Jace Fry,CWS,58,0,0,0,47.1,41,28,56,34,7,2,4,0,2,12,5.32,1.58
Roenis Elias,SEA,44,0,0,0,47.0,41,19,45,17,8,4,2,14,2,1,3.64,1.23
Chaz Roe,TB,61,0,0,0,47.0,44,21,60,29,3,1,3,1,4,21,4.02,1.55
Matt Grace,WAS,51,1,0,0,46.2,61,33,35,10,11,1,2,0,0,4,6.36,1.52
Manny Banuelos,CWS,14,8,0,0,46.2,58,39,42,32,12,3,4,0,0,0,7.52,1.93
Mark Melancon,SF,43,0,0,0,46.1,49,18,44,16,3,4,2,1,0,5,3.50,1.40
Mike Montgomery,KC,9,9,0,0,46.1,53,19,41,12,7,2,5,0,0,0,3.69,1.40
Trey Wingenter,SD,47,1,0,0,46.1,31,26,65,26,5,1,3,1,3,15,5.05,1.23
Tyler Webb,STL,54,0,0,0,46.0,32,21,42,19,6,1,1,1,0,4,4.11,1.11
Corbin Burnes,MIL,30,4,0,0,46.0,66,46,67,20,16,1,5,1,0,3,9.00,1.87
Yoshihisa Hirano,ARI,55,0,0,0,46.0,48,25,53,21,5,4,5,1,5,14,4.89,1.50
Juan Nicasio,PHI,45,0,0,0,45.2,55,25,43,20,4,2,3,1,1,10,4.93,1.64
Andrew Miller,STL,62,0,0,0,45.2,34,19,60,25,10,4,4,5,2,24,3.74,1.29
Clayton Richard,TOR,10,10,0,0,45.1,53,30,22,18,9,1,5,0,0,0,5.96,1.57
Jeff Hoffman,COL,10,10,0,0,45.1,58,37,46,19,13,1,5,0,0,0,7.35,1.70
Austin Brice,MIA,36,0,0,0,44.2,37,17,46,18,7,1,0,0,1,6,3.43,1.23
Shawn Armstrong,BAL,41,0,0,0,44.2,42,24,51,21,6,0,0,4,1,8,4.84,1.41
Daniel Ponce de Leon,STL,11,8,0,0,44.2,34,20,46,22,6,1,2,0,0,0,4.03,1.25
Jairo Diaz,COL,45,0,0,0,44.1,44,22,53,14,7,5,3,0,2,7,4.47,1.31
Blaine Hardy,DET,39,0,0,0,44.1,38,22,29,13,10,1,1,0,0,7,4.47,1.15
Drew VerHagen,DET,18,4,0,0,44.0,50,27,42,20,7,4,2,0,0,1,5.52,1.59
Shelby Miller,TEX,19,8,0,0,44.0,58,42,30,29,8,1,3,0,1,1,8.59,1.98
Ken Giles,TOR,44,0,0,0,44.0,33,10,73,15,4,2,3,18,1,0,2.05,1.09
Javy Guerra,WAS,31,0,0,0,44.0,43,23,31,11,7,3,1,1,0,3,4.70,1.23
Nick Anderson,MIA,45,0,0,0,43.2,40,19,69,16,5,2,4,1,1,7,3.92,1.28
Taylor Cole,LAA,31,6,0,0,43.2,52,33,44,21,2,3,4,0,0,4,6.80,1.67
Jefry Rodriguez,CLE,8,8,0,0,43.2,45,23,32,19,5,1,5,0,0,0,4.74,1.47
Nathan Eovaldi,BOS,18,7,0,0,43.1,48,30,46,20,10,1,0,0,1,5,6.23,1.57
Adam Kolarek,TB,54,0,0,0,43.1,39,19,36,14,6,4,3,1,0,14,3.95,1.22
Drew Smyly,PHI,8,8,0,0,43.1,44,22,46,15,10,2,1,0,0,0,4.57,1.36
Kelvin Herrera,CWS,48,0,0,0,42.2,57,33,39,20,6,3,3,0,2,6,6.96,1.80
David Hernandez,CIN,47,0,0,0,42.2,53,38,53,20,7,2,5,2,3,12,8.02,1.71
Aaron Brooks,BAL,10,10,0,0,42.2,55,32,31,14,8,2,4,0,0,0,6.75,1.62
Richard Bleier,BAL,43,0,0,0,42.2,57,29,23,6,5,3,0,3,1,5,6.12,1.48
Wade Davis,COL,48,0,0,0,42.1,47,33,42,26,7,1,6,15,3,0,7.02,1.72
Jarlin Garcia,MIA,43,0,0,0,42.1,31,12,36,13,2,2,1,0,1,4,2.55,1.04
Chi Chi Gonzalez,COL,10,9,0,0,42.0,46,34,23,25,9,0,6,0,0,0,7.29,1.69
Josh Taylor,BOS,43,1,0,0,42.0,37,14,54,15,3,1,1,0,1,4,3.00,1.24
Chris Stratton,PIT,23,0,0,0,42.0,46,16,43,12,7,1,1,0,0,0,3.43,1.38
Oliver Drake,TB,38,0,0,0,42.0,32,17,47,16,7,3,2,1,0,7,3.64,1.14
Colin Poche,TB,39,0,0,0,41.2,27,22,60,13,8,4,4,1,4,14,4.75,0.96
Aaron Civale,CLE,7,7,0,0,41.2,34,9,34,9,1,3,3,0,0,0,1.94,1.03
Touki Toussaint,ATL,24,1,0,0,41.2,44,26,45,26,5,4,0,0,0,2,5.62,1.68
Tyler Kinley,MIA,40,0,0,0,41.2,39,19,40,31,5,3,1,0,1,1,4.10,1.68
Jake Diekman,KC,48,0,0,0,41.2,33,22,63,23,3,0,6,0,2,18,4.75,1.34
Jonathan Holder,NYY,34,1,0,0,41.1,43,29,46,11,8,5,2,0,2,4,6.31,1.31
Cory Gearrin,SEA,48,2,0,0,41.1,38,18,39,21,3,0,2,0,0,11,3.92,1.43
Andrew Cashner,BOS,13,6,0,0,41.1,45,28,30,21,7,2,4,1,0,1,6.10,1.60
Justin Anderson,LAA,47,0,0,0,41.1,34,23,56,27,5,3,0,1,1,11,5.01,1.48
Jimmy Yacabonis,BAL,29,4,0,0,41.0,51,31,33,24,9,1,2,0,0,3,6.80,1.83
Shawn Kelley,TEX,42,0,0,0,41.0,47,19,38,7,9,5,2,11,4,6,4.17,1.32
Clay Holmes,PIT,27,0,0,0,40.2,38,26,46,32,4,1,1,0,1,1,5.75,1.72
Ryan Carpenter,DET,9,9,0,0,40.2,61,42,25,13,12,1,6,0,0,0,9.30,1.82
Tayron Guerrero,MIA,45,0,0,0,40.2,35,27,41,34,7,1,1,0,4,5,5.98,1.70
Wily Peralta,KC,42,0,0,0,40.1,45,26,24,19,7,2,4,2,3,5,5.80,1.59
Evan Marshall,CWS,45,0,0,0,40.0,37,14,31,16,5,4,2,0,4,12,3.15,1.33
Dylan Floro,LAD,41,0,0,0,40.0,37,16,33,12,3,4,3,0,3,5,3.60,1.23
Carlos Martinez,STL,38,0,0,0,40.0,33,14,44,15,2,4,2,18,3,1,3.15,1.20
Anthony Bass,SEA,35,0,0,0,39.2,28,15,36,15,5,2,4,2,5,5,3.40,1.08
Brad Brach,CHC,42,0,0,0,39.2,42,27,45,28,3,4,3,0,2,4,6.13,1.76
Victor Alcantara,DET,43,0,0,0,39.0,44,23,22,13,8,3,2,0,3,10,5.31,1.46
Jake McGee,COL,42,0,0,0,39.0,45,19,32,10,10,0,2,0,2,4,4.38,1.41
Ranger Suarez,PHI,27,0,0,0,39.0,43,16,35,10,6,4,1,0,1,3,3.69,1.36
Andrew Kittredge,TB,28,6,0,0,39.0,44,19,45,11,6,1,0,0,0,2,4.38,1.41
Jeremy Hellickson,WAS,9,8,0,0,39.0,47,27,30,20,9,2,3,0,0,0,6.23,1.72
Jordan Lyles,MIL,7,7,0,0,38.2,27,11,34,14,6,5,1,0,0,0,2.56,1.06
Caleb Ferguson,LAD,38,1,0,0,38.1,34,20,45,21,6,1,1,0,0,3,4.70,1.43
Shane Greene,DET,38,0,0,0,38.0,21,5,43,12,5,0,2,22,3,0,1.18,0.87
Chris Martin,TEX,38,0,0,0,38.0,35,13,43,4,8,0,2,4,1,12,3.08,1.03
Brandon Brennan,SEA,35,0,0,0,38.0,29,22,38,21,5,2,6,0,2,6,5.21,1.32
Austin Pruitt,TB,11,1,0,0,37.2,39,20,33,9,6,2,0,0,0,0,4.78,1.27
Heath Hembree,BOS,43,0,0,0,37.2,34,17,45,18,7,1,0,2,1,4,4.06,1.38
Ryan Buchter,OAK,56,0,0,0,37.2,37,13,42,19,6,0,1,0,4,11,3.11,1.49
Sergio Romo,MIA,38,0,0,0,37.2,33,15,33,13,4,2,0,17,1,1,3.58,1.22
David Hale,NYY,19,0,0,0,37.1,37,12,22,6,2,3,0,2,0,0,2.89,1.15
Zack Greinke,HOU,6,6,0,0,37.1,41,16,27,8,5,4,1,0,0,0,3.86,1.31
Jameson Taillon,PIT,7,7,1,0,37.1,34,17,30,8,4,2,3,0,0,0,4.10,1.13
Tanner Rainey,WAS,40,0,0,0,36.2,23,17,57,31,5,1,3,0,3,8,4.17,1.47
Tanner Roark,OAK,6,6,0,0,36.2,33,11,33,8,5,3,1,0,0,0,2.70,1.12
Blake Parker,MIN,37,0,0,0,36.1,34,17,34,16,7,1,2,10,1,9,4.21,1.38
Zac Gallen,MIA,7,7,0,0,36.1,25,11,43,18,3,1,3,0,0,0,2.72,1.18
Clay Buchholz,TOR,7,7,0,0,36.1,38,22,18,11,6,1,3,0,0,0,5.45,1.35
Tom Eshelman,BAL,10,4,0,0,36.0,47,26,22,11,12,1,2,0,0,0,6.50,1.61
Devin Smeltzer,MIN,7,4,0,0,36.0,34,16,27,9,6,1,2,1,0,0,4.00,1.19
Oliver Perez,CLE,56,0,0,0,35.2,33,11,43,9,4,2,2,0,3,19,2.78,1.18
Alex Wood,CIN,7,7,0,0,35.2,41,23,30,9,11,1,3,0,0,0,5.80,1.40
Corey Kluber,CLE,7,7,0,0,35.2,44,23,38,15,4,2,3,0,0,0,5.80,1.65
Greg Holland,ARI,40,0,0,0,35.2,25,18,41,24,5,1,2,17,5,0,4.54,1.37
Brendan McKay,TB,8,8,0,0,35.2,41,22,41,12,8,2,3,0,0,0,5.55,1.49
Dominic Leone,STL,35,0,0,0,35.2,36,23,41,16,8,1,0,1,1,0,5.80,1.46
Luke Bard,LAA,24,2,0,0,35.1,36,20,26,11,6,1,2,0,0,1,5.09,1.33
Tyson Ross,DET,7,7,0,0,35.1,41,24,25,18,7,1,5,0,0,0,6.11,1.67
Mike Leake,ARI,6,6,0,0,35.0,49,25,12,5,9,2,2,0,0,0,6.43,1.54
Trevor Bauer,CIN,7,7,0,0,35.0,44,32,43,15,8,1,4,0,0,0,8.23,1.69
Nick Goody,CLE,32,0,0,0,34.2,26,10,41,18,5,3,1,0,0,9,2.60,1.27
Carlos Rodon,CWS,7,7,0,0,34.2,33,20,46,17,4,3,2,0,0,0,5.19,1.44
Nick Kingham,PIT,14,4,0,0,34.2,54,38,32,17,7,1,1,1,0,0,9.87,2.05
Jose Ruiz,CWS,35,0,0,0,34.1,42,20,32,22,5,1,2,0,0,1,5.24,1.86
Wandy Peralta,CIN,39,0,0,0,34.0,36,23,27,15,10,1,1,0,1,2,6.09,1.50
Brian Johnson,BOS,14,7,0,0,33.2,48,24,25,16,6,1,3,0,0,0,6.42,1.90
Lucas Sims,CIN,18,3,0,0,33.1,24,18,46,13,7,2,1,0,0,3,4.86,1.11
Ryan Weber,BOS,12,3,0,0,33.0,35,15,22,6,3,2,2,0,0,0,4.09,1.24
Pedro Strop,CHC,40,0,0,0,33.0,30,21,35,14,5,2,5,10,6,5,5.73,1.33
Jason Vargas,PHI,6,6,0,0,33.0,36,19,17,13,3,0,2,0,0,0,5.18,1.48
Mitch Keller,PIT,8,8,0,0,33.0,50,30,44,12,5,1,3,0,0,0,8.18,1.88
Anthony Swarzak,ATL,36,0,0,0,32.2,29,12,28,15,5,1,2,1,0,16,3.31,1.35
Branden Kline,BAL,25,0,0,0,32.2,38,27,31,13,9,1,4,0,1,4,7.44,1.56
Jacob Webb,ATL,36,0,0,0,32.1,24,5,28,12,4,4,0,2,2,9,1.39,1.11
Zac Gallen,ARI,6,6,0,0,32.0,27,8,39,14,2,2,1,0,0,0,2.25,1.28
Marcus Stroman,NYM,6,6,0,0,31.2,38,16,31,14,6,1,1,0,0,0,4.55,1.64
Sean Reid-Foley,TOR,9,6,0,0,31.2,33,15,28,21,5,2,4,0,0,0,4.26,1.71
Tyler Alexander,DET,8,5,0,0,31.1,44,21,27,5,5,0,3,0,0,0,6.03,1.56
Justin Wilson,NYM,36,0,0,0,31.0,26,7,32,13,3,4,1,1,0,9,2.03,1.26
Justin Shafer,TOR,26,0,0,0,31.0,30,11,29,22,4,1,1,1,0,3,3.19,1.68
Wilmer Font,NYM,15,3,0,0,31.0,29,17,24,13,8,1,2,0,1,0,4.94,1.35
Cole Irvin,PHI,9,3,0,0,31.0,38,26,25,10,7,2,1,1,0,0,7.55,1.55
Edgar Garcia,PHI,30,0,0,0,31.0,34,23,33,20,10,2,0,0,0,2,6.68,1.74
Nick Vincent,SF,18,1,0,0,30.2,36,19,30,8,7,0,2,0,0,0,5.58,1.43
Tyler Olson,CLE,39,0,0,0,30.2,34,15,28,16,3,1,1,0,1,1,4.40,1.63
Jose Alvarado,TB,35,1,0,0,30.0,29,16,39,27,2,1,6,7,2,8,4.80,1.87
Adam Morgan,PHI,40,0,0,0,29.2,20,13,29,10,4,3,3,0,2,19,3.94,1.01
Chris Stratton,LAA,7,5,0,0,29.1,43,28,22,18,6,0,2,0,0,0,8.59,2.08
Jesus Tinoco,COL,17,0,0,0,29.1,28,15,23,18,10,0,1,0,0,1,4.60,1.57
Brian Flynn,KC,11,1,0,0,29.1,38,17,22,17,2,2,2,0,0,0,5.22,1.88
Hunter Wood,TB,19,2,0,0,29.0,26,8,24,7,4,1,1,1,0,1,2.48,1.14
Matt Wisler,SD,21,0,0,0,29.0,34,17,34,10,5,2,2,0,2,4,5.28,1.52
Adam Warren,SD,25,0,0,0,28.2,28,17,25,12,9,4,1,0,0,3,5.34,1.40
Jordan Hicks,STL,29,0,0,0,28.2,16,10,31,11,2,2,2,14,1,3,3.14,0.94
Matt Shoemaker,TOR,5,5,0,0,28.2,16,5,24,9,3,3,0,0,0,0,1.57,0.87
Edwin Jackson,DET,6,6,0,0,28.2,38,23,23,13,6,2,4,0,0,0,7.22,1.78
Edwin Jackson,TOR,8,5,0,0,28.1,49,35,19,13,12,1,5,0,0,0,11.12,2.19
Tim Hill,KC,33,0,0,0,28.1,25,13,24,11,4,2,0,0,1,7,4.13,1.27
Luis Avilan,NYM,36,0,0,0,28.1,27,13,26,11,3,4,0,0,0,3,4.13,1.34
Geoff Hartlieb,PIT,23,0,0,0,28.1,41,26,32,12,7,0,1,0,0,2,8.26,1.87
Matt Magill,MIN,28,0,0,0,28.1,30,14,36,15,4,2,0,0,0,0,4.45,1.59
Jake Newberry,KC,24,0,0,0,28.0,25,10,25,11,6,1,0,0,1,4,3.21,1.29
Tony Gonsolin,LAD,6,5,0,0,28.0,21,9,22,6,3,2,1,1,0,0,2.89,0.96
Jeff Brigham,MIA,21,0,0,0,27.2,29,17,32,11,7,2,2,0,1,2,5.53,1.45
Daniel Stumpf,DET,44,0,0,0,27.2,33,13,26,13,4,1,1,0,2,5,4.23,1.66
Yency Almonte,COL,17,0,0,0,27.2,28,18,20,12,6,0,1,0,1,0,5.86,1.45
Darwinzon Hernandez,BOS,24,1,0,0,27.2,22,9,53,22,0,0,1,0,0,1,2.93,1.59
Juan Minaya,CWS,22,0,0,0,27.2,31,12,27,12,4,0,0,0,0,0,3.90,1.55
Jon Duplantier,ARI,10,3,0,0,27.2,28,16,27,15,2,1,1,1,0,0,5.20,1.55
Jerry Blevins,ATL,37,0,0,0,27.2,21,12,32,16,5,1,0,1,0,8,3.90,1.34
Elvis Luciano,TOR,20,0,0,0,27.2,33,20,22,23,4,1,0,0,0,0,6.51,2.02
Ryan Helsley,STL,15,0,0,0,27.2,18,6,27,12,2,1,0,0,0,0,1.95,1.08
Jeffrey Springs,TEX,21,0,0,0,27.1,31,18,27,19,3,4,1,0,0,1,5.93,1.83
A.J. Minter,ATL,34,0,0,0,27.1,31,22,33,23,2,3,4,5,2,6,7.24,1.98
Jose Cisnero,DET,25,0,0,0,27.1,25,12,32,14,3,0,3,0,2,3,3.95,1.43
Mike Montgomery,CHC,20,0,0,0,27.0,35,17,18,13,6,1,2,0,1,3,5.67,1.78
Kolby Allard,TEX,5,5,0,0,27.0,27,13,27,9,1,3,0,0,0,0,4.33,1.33
Wei-Chung Wang,OAK,20,0,0,0,27.0,22,10,16,11,4,1,0,0,0,0,3.33,1.22
Brad Boxberger,KC,29,0,0,0,26.2,25,16,27,17,3,1,3,1,3,0,5.40,1.58
Wilmer Font,TOR,14,10,0,0,26.1,24,9,37,7,2,1,2,0,0,0,3.08,1.18
Chad Sobotka,ATL,27,0,0,0,26.0,24,16,33,14,5,0,0,0,0,6,5.54,1.46
Josh A. Smith,BOS,14,2,0,0,26.0,31,17,24,6,8,0,2,1,0,0,5.88,1.42
A.J. Cole,CLE,25,0,0,0,26.0,31,11,30,8,4,3,1,1,0,0,3.81,1.50
Zack Littell,MIN,20,0,0,0,26.0,26,10,22,7,3,3,0,0,1,1,3.46,1.27
J.B. Wendelken,OAK,21,0,0,0,25.2,20,13,28,7,2,1,1,0,1,1,4.56,1.05
Patrick Sandoval,LAA,6,5,0,0,25.2,24,14,30,11,3,0,2,0,0,0,4.91,1.36
Kyle Barraclough,WAS,33,0,0,0,25.2,33,19,30,12,8,1,2,0,2,8,6.66,1.75
Logan Allen,SD,8,4,0,0,25.1,33,19,14,13,4,2,3,0,0,0,6.75,1.82
Rowan Wick,CHC,24,0,0,0,25.0,17,8,27,10,0,2,0,2,0,4,2.88,1.08
Brad Wieck,SD,30,0,0,0,24.2,26,18,31,9,7,0,1,0,2,8,6.57,1.42
Dan Otero,CLE,21,0,0,0,24.2,37,15,11,3,5,0,0,0,0,1,5.47,1.62
Dustin May,LAD,6,4,0,0,24.2,28,14,18,4,2,1,3,0,1,0,5.11,1.30
Seranthony Dominguez,PHI,27,0,0,0,24.2,24,11,29,12,3,3,0,0,2,9,4.01,1.46
Austin Adams,SEA,22,2,0,0,24.1,14,9,43,12,2,1,1,0,1,9,3.33,1.07
Jose Quijada,MIA,27,0,0,0,24.1,22,15,35,23,9,2,3,1,1,2,5.55,1.85
Phil Maton,SD,21,0,0,0,24.1,34,21,20,6,6,0,0,0,0,2,7.77,1.64
Jimmy Cordero,CWS,19,0,0,0,24.0,19,11,26,7,3,0,0,0,0,2,4.13,1.08
Marco Estrada,OAK,5,5,0,0,23.2,23,18,11,8,7,0,2,0,0,0,6.85,1.31
Connor Sadzeck,SEA,20,0,0,0,23.2,18,7,27,15,3,0,1,1,1,1,2.66,1.39
Andrew Suarez,SF,12,2,0,0,23.2,32,19,17,12,7,0,2,0,0,0,7.23,1.86
Keone Kela,PIT,26,0,0,0,23.2,16,7,28,8,3,2,0,0,4,4,2.66,1.01
Fernando Rodney,WAS,26,0,0,0,23.2,20,9,25,8,3,0,3,2,3,11,3.42,1.18
Zach Duke,CIN,30,0,0,0,23.1,21,13,18,18,4,3,1,0,0,4,5.01,1.67
Matt Bowman,CIN,20,0,0,0,23.1,24,13,19,9,2,1,0,0,0,0,5.01,1.41
Cody Allen,LAA,25,0,0,0,23.0,24,16,29,20,9,0,2,4,0,0,6.26,1.91
Jose Urquidy,HOU,5,5,0,0,23.0,28,15,24,4,4,1,1,0,0,0,5.87,1.39
Austin Voth,WAS,5,4,0,0,23.0,21,10,24,6,3,1,0,0,0,0,3.91,1.17
Mike Morin,MIN,23,0,0,0,22.2,20,8,11,2,3,0,0,1,0,1,3.18,0.97
Drew Gagnon,NYM,17,0,0,0,22.2,32,22,16,7,10,3,1,0,1,0,8.74,1.72
Chance Adams,NYY,9,0,0,0,22.2,31,19,18,10,5,1,0,1,0,0,7.54,1.81
Jonathan Loaisiga,NYY,8,3,0,0,22.1,21,12,22,12,5,1,1,0,0,0,4.84,1.48
Kohl Stewart,MIN,7,2,0,0,22.1,24,14,7,7,4,2,2,0,0,0,5.64,1.39
Tanner Anderson,OAK,5,5,0,0,22.1,30,15,18,7,4,0,3,0,0,0,6.04,1.66
Jay Jackson,MIL,18,0,0,0,22.1,16,11,34,9,4,1,0,0,0,0,4.43,1.12
Kyle Dowdy,TEX,13,1,0,0,22.1,26,18,17,18,4,2,1,0,1,0,7.25,1.97
Matt Festa,SEA,20,0,0,0,22.1,20,14,21,12,5,0,2,0,2,3,5.64,1.43
Pedro Payano,TEX,6,4,0,0,22.0,26,14,17,15,3,1,2,0,0,0,5.73,1.86
Taylor Guerrieri,TEX,15,0,0,0,21.2,20,11,23,14,3,0,0,0,0,3,4.57,1.57
Dan Winkler,ATL,27,0,0,0,21.2,18,12,22,11,5,3,1,0,1,6,4.98,1.34
JT Chargois,LAD,21,0,0,0,21.1,21,15,28,5,4,1,0,0,0,0,6.33,1.22
Hector Noesi,MIA,6,4,0,0,21.0,23,24,18,13,6,0,3,0,0,0,10.29,1.71
Nick Kingham,TOR,11,0,0,0,21.0,24,7,14,8,4,3,1,0,0,0,3.00,1.52
Tony Sipp,WAS,36,0,0,0,21.0,19,11,18,9,1,1,2,0,1,9,4.71,1.33
Stefan Crichton,ARI,17,0,0,0,21.0,16,9,19,5,2,0,0,0,0,1,3.86,1.00
Matt Koch,ARI,9,0,0,0,20.2,29,21,9,4,8,0,0,0,0,0,9.15,1.60
Tyler Anderson,COL,5,5,0,0,20.2,33,27,23,11,8,0,3,0,0,0,11.76,2.13
Carson Fulmer,CWS,15,1,0,0,20.2,21,13,22,15,3,1,1,0,0,1,5.66,1.74
Zac Reininger,DET,20,0,0,0,20.2,33,21,8,11,8,0,1,0,0,1,9.15,2.13
Sam Coonrod,SF,23,0,0,0,20.2,11,6,14,10,2,4,1,0,1,0,2.61,1.02
Andres Munoz,SD,19,0,0,0,20.1,10,4,27,10,0,1,1,1,0,7,1.77,0.98
Casey Sadler,LAD,17,0,0,0,20.1,19,5,16,5,2,4,0,1,1,1,2.21,1.18
Alec Mills,CHC,4,2,0,0,20.1,20,9,18,7,4,0,0,0,0,0,3.98,1.33
Bryse Wilson,ATL,6,4,0,0,20.0,26,16,16,10,5,1,1,0,0,0,7.20,1.80
Richard Lovelady,KC,25,0,0,0,20.0,30,17,17,8,2,0,3,0,1,2,7.65,1.90
Rafael Montero,TEX,13,0,0,0,20.0,13,5,22,5,3,2,0,0,0,4,2.25,0.90
Travis Bergen,SF,21,0,0,0,19.2,18,12,18,9,4,2,0,0,0,0,5.49,1.37
Jacob Barnes,MIL,18,1,0,0,19.2,22,15,22,11,3,1,1,0,0,1,6.86,1.68
Stephen Tarpley,NYY,16,1,0,0,19.2,27,18,24,14,5,0,0,2,0,2,8.24,2.08
Ryan Burr,CWS,16,1,0,0,19.2,17,10,20,8,3,1,1,0,0,0,4.58,1.27
Corbin Martin,HOU,5,5,0,0,19.1,23,12,19,12,8,1,1,0,0,0,5.59,1.81
Evan Phillips,BAL,18,0,0,0,19.1,26,19,29,17,2,0,1,0,0,3,8.84,2.22
Mike Morin,PHI,18,0,0,0,19.1,18,11,11,4,2,1,1,0,0,6,5.12,1.14
Casey Sadler,TB,9,0,0,0,19.1,16,4,11,5,2,0,0,0,0,0,1.86,1.09
Matt Wisler,SEA,19,8,0,0,19.1,17,9,25,4,2,1,1,0,1,4,4.19,1.09
JD Hammer,PHI,20,0,0,0,19.0,15,8,13,12,2,1,0,0,1,0,3.79,1.42
Craig Kimbrel,CHC,21,0,0,0,19.0,18,12,26,11,6,0,2,13,2,0,5.68,1.53
Tyler Thornburg,BOS,16,0,0,0,18.2,21,16,22,10,4,0,0,0,0,0,7.71,1.66
Aaron Sanchez,HOU,4,4,0,0,18.2,14,10,16,9,5,2,0,0,0,0,4.82,1.23
Michel Baez,SD,15,0,0,0,18.2,17,6,18,9,2,0,1,0,0,0,2.89,1.39
Ty Blach,BAL,4,4,0,0,18.1,23,20,14,12,4,1,2,0,0,0,9.82,1.91
Seunghwan Oh,COL,21,0,0,0,18.1,29,19,16,6,6,3,1,0,1,3,9.33,1.91
Rogelio Armenteros,HOU,5,2,0,0,18.0,17,8,18,5,1,1,1,1,0,0,4.00,1.22
Robert Dugger,MIA,3,3,0,0,18.0,15,8,12,7,3,0,1,0,0,0,4.00,1.22
Pat Neshek,PHI,20,0,0,0,18.0,23,10,9,2,5,0,1,3,0,6,5.00,1.39
Tyler Bashlor,NYM,19,0,0,0,18.0,19,16,15,11,6,0,3,0,3,1,8.00,1.67
Jandel Gustave,SF,15,0,0,0,18.0,12,4,10,4,0,0,0,0,0,2,2.00,0.89
Brock Burke,TEX,3,3,0,0,18.0,13,3,11,6,0,0,1,0,0,0,1.50,1.06
Lewis Thorpe,MIN,7,1,0,0,17.2,21,10,18,5,1,2,1,0,1,1,5.09,1.47
Joe Smith,HOU,20,0,0,0,17.2,15,3,14,3,2,0,0,0,1,4,1.53,1.02
Mike Dunn,COL,28,0,0,0,17.2,17,14,15,6,4,1,0,0,1,2,7.13,1.30
Tanner Scott,BAL,16,0,0,0,17.2,21,10,25,16,3,1,0,0,1,0,5.09,2.09
David Phelps,TOR,17,1,0,0,17.1,14,7,18,7,3,0,0,0,2,4,3.63,1.21
Scott Alexander,LAD,28,0,0,0,17.1,17,7,9,7,2,3,2,0,0,6,3.63,1.38
Cody Stashak,MIN,10,0,0,0,17.1,21,7,14,0,2,0,1,0,0,0,3.63,1.21
Walker Lockett,NYM,4,4,0,0,17.1,23,15,13,5,3,1,1,0,0,0,7.79,1.62
Montana DuRapau,PIT,14,2,0,0,17.1,27,18,22,9,4,0,1,0,0,0,9.35,2.08
Chasen Bradford,SEA,12,0,0,0,16.2,17,9,11,4,6,0,0,1,0,1,4.86,1.26
Trevor Richards,TB,4,3,0,0,16.2,17,5,19,4,3,1,0,0,0,0,2.70,1.26
Kyle Wright,ATL,4,4,0,0,16.2,22,18,14,13,4,0,3,0,0,0,9.72,2.10
Neil Ramirez,CLE,16,0,0,0,16.2,18,10,18,9,5,0,1,0,0,2,5.40,1.62
Jake Jewell,LAA,10,0,0,0,16.2,19,15,17,5,7,0,0,0,0,1,8.10,1.44
Hector Santiago,CWS,7,2,0,0,16.1,20,9,18,8,4,0,1,0,0,0,4.96,1.71
Justus Sheffield,SEA,4,3,0,0,16.1,20,10,18,9,3,0,1,0,0,0,5.51,1.78
Mike Wright Jr.,SEA,9,0,0,0,16.0,24,12,16,5,1,0,0,0,0,0,6.75,1.81
Gerardo Reyes,SD,18,0,0,0,16.0,17,20,23,11,2,4,0,0,1,1,11.25,1.75
Phillips Valdez,TEX,11,0,0,0,16.0,17,7,18,9,3,0,0,0,0,0,3.94,1.63
Zack Godley,TOR,6,0,0,0,16.0,15,7,12,7,2,1,0,0,0,0,3.94,1.38
Kyle McGowin,WAS,7,1,0,0,16.0,22,18,18,4,7,0,0,1,0,0,10.13,1.63
D.J. Johnson,COL,18,0,0,0,16.0,17,12,17,15,0,0,1,0,0,1,6.75,2.00
Aaron Wilkerson,MIL,8,0,0,0,16.0,25,13,11,9,4,0,0,0,0,0,7.31,2.13
Matt Hall,DET,11,0,0,0,16.0,16,12,20,9,4,0,1,0,1,0,6.75,1.56
Cy Sneed,HOU,6,0,0,0,15.2,17,7,16,4,2,0,1,0,0,0,4.02,1.34
Josh Staumont,KC,11,0,0,0,15.2,16,6,15,6,4,0,0,0,1,0,3.45,1.40
Justin Miller,WAS,17,0,0,0,15.2,16,7,11,4,5,1,0,0,1,4,4.02,1.28
Josh Lucas,BAL,9,0,0,0,15.2,14,10,16,7,2,0,0,1,0,0,5.74,1.34
Mike Mayers,STL,13,0,0,0,15.2,18,12,13,10,3,0,1,0,0,1,6.89,1.79
Matt Magill,SEA,15,0,0,0,15.2,15,8,19,4,2,2,2,4,2,1,4.60,1.21
Sam Tuivailala,SEA,15,2,0,0,15.1,10,2,17,6,0,1,0,0,0,6,1.17,1.04
Logan Webb,SF,3,3,0,0,15.1,18,6,16,4,2,1,0,0,0,0,3.52,1.43
Carl Edwards Jr.,CHC,20,0,0,0,15.1,8,10,17,9,3,1,1,0,2,4,5.87,1.11
Alex McRae,PIT,6,1,0,0,15.1,22,17,15,9,6,0,3,0,0,0,9.98,2.02
Reed Garrett,DET,13,0,0,0,15.1,24,14,10,13,3,0,0,0,1,0,8.22,2.41
Drew Pomeranz,MIL,13,1,0,0,15.1,9,4,25,7,2,0,1,0,0,7,2.35,1.04
Wes Parsons,ATL,17,0,0,0,15.1,11,6,12,13,2,1,2,0,0,1,3.52,1.57
Blake Parker,PHI,14,0,0,0,15.1,10,7,19,2,3,1,0,0,0,2,4.11,0.78
Travis Lakins,BOS,10,0,0,0,15.1,17,8,10,8,0,0,1,0,0,1,4.70,1.63
Adalberto Mejia,MIN,13,0,0,0,15.1,16,15,15,12,3,0,2,0,1,2,8.80,1.83
Shane Greene,ATL,17,0,0,0,15.1,17,7,15,3,2,0,1,0,2,6,4.11,1.30
Jeanmar Gomez,TEX,16,0,0,0,15.1,23,14,10,6,2,1,0,0,0,0,8.22,1.89
Kevin Ginkel,ARI,16,0,0,0,15.1,9,3,17,5,1,1,0,0,0,5,1.76,0.91
Heath Fillmyer,KC,4,3,0,0,15.0,21,15,7,5,5,0,1,0,0,0,9.00,1.73
Daniel Hudson,WAS,16,0,0,0,15.0,12,4,15,3,3,2,0,1,2,3,2.40,1.00
Paul Sewald,NYM,11,0,0,0,14.2,13,8,17,3,2,0,0,1,0,0,4.91,1.09
Sergio Romo,MIN,16,0,0,0,14.2,10,5,16,2,2,0,1,3,1,9,3.07,0.82
Drew Steckenrider,MIA,15,0,0,0,14.1,9,10,14,5,6,0,2,0,1,3,6.28,0.98
Josh Rogers,BAL,5,0,0,0,14.1,18,14,5,6,7,0,1,0,0,0,8.79,1.67
Brock Stewart,TOR,3,0,0,0,14.1,14,6,10,3,4,3,0,0,0,0,3.77,1.19
Fernando Rodney,OAK,17,0,0,0,14.1,20,15,14,12,2,0,2,0,1,0,9.42,2.23
Javy Guerra,TOR,11,0,0,0,14.0,12,6,15,5,1,0,0,1,0,1,3.86,1.21
Wilmer Font,TB,10,0,0,0,14.0,15,9,18,5,2,1,0,0,0,1,5.79,1.43
Emmanuel Clase,TEX,13,1,0,0,14.0,11,5,13,6,1,2,2,1,0,1,3.21,1.21
Austin Davis,PHI,9,0,0,0,14.0,17,12,15,11,5,0,0,0,0,0,7.71,2.00
Zac Rosscup,SEA,19,0,0,0,14.0,13,5,20,14,1,2,0,0,1,5,3.21,1.93
Reggie McClain,SEA,8,1,0,0,14.0,11,6,9,7,2,0,1,0,1,0,3.86,1.29
Tim Melville,COL,3,3,0,0,14.0,14,6,11,7,2,1,1,0,0,0,3.86,1.50
Austin Adams,DET,13,0,0,0,14.0,14,8,9,10,2,0,0,0,0,0,5.14,1.71
Jimmy Nelson,MIL,4,3,0,0,14.0,18,13,15,14,2,0,2,0,0,0,8.36,2.29
Trevor Hildenberger,MIN,19,0,0,0,14.0,24,13,14,4,1,2,2,1,0,6,8.36,2.00
Edubray Ramos,PHI,18,0,0,0,14.0,18,8,9,5,4,1,0,0,2,2,5.14,1.64
Chris Flexen,NYM,9,1,0,0,13.2,15,10,10,13,1,0,3,0,0,0,6.59,2.05
Anthony Swarzak,SEA,15,0,0,0,13.2,14,8,17,8,6,2,2,3,3,0,5.27,1.61
Nick Tropeano,LAA,3,1,0,0,13.2,18,15,10,6,6,0,1,0,0,0,9.88,1.76
Odrisamer Despaigne,CWS,3,3,0,0,13.1,24,14,7,7,3,0,2,0,0,0,9.45,2.33
Ervin Santana,CWS,3,3,0,0,13.1,19,14,5,6,6,0,2,0,0,0,9.45,1.88
Mike Wright Jr.,BAL,10,0,0,0,13.1,20,14,14,7,5,0,1,1,1,0,9.45,2.03
Buddy Boshers,TOR,17,1,0,0,13.1,15,8,18,7,2,0,2,0,0,2,5.40,1.65
Jason Adam,TOR,12,0,0,0,13.1,9,6,9,7,1,1,0,0,0,2,4.05,1.20
Nick Anderson,TB,13,0,0,0,13.0,5,1,26,0,1,2,0,0,0,5,0.69,0.38
Conner Menez,SF,4,3,0,0,13.0,12,10,15,9,4,0,1,0,0,0,6.92,1.62
Kyle Zimmer,KC,10,0,0,0,13.0,21,15,11,13,1,0,1,0,0,0,10.38,2.62
Mike Shawaryn,BOS,8,0,0,0,12.2,13,12,20,7,4,0,0,0,0,0,8.53,1.58
Mark Melancon,ATL,15,0,0,0,12.2,15,7,18,1,0,1,0,8,0,0,4.97,1.26
Burch Smith,MIL,7,0,0,0,12.2,16,11,14,10,3,0,1,0,0,0,7.82,2.05
Kyle Bird,TEX,12,0,0,0,12.2,11,11,10,15,5,0,0,1,0,0,7.82,2.05
Hunter Strickland,WAS,13,0,0,0,12.1,10,4,9,4,1,2,0,0,0,8,2.92,1.14
Chris Martin,ATL,14,0,0,0,12.1,15,8,14,1,1,1,1,0,1,3,5.84,1.30
Alex Cobb,BAL,3,3,0,0,12.1,21,15,8,2,9,0,2,0,0,0,10.95,1.86
Sam Howard,COL,10,0,0,0,12.1,14,8,14,7,2,0,0,0,0,0,5.84,1.70
Kevin Gausman,CIN,8,0,0,0,12.0,11,5,17,2,2,0,1,0,0,1,3.75,1.08
Ryan Tepera,TOR,13,0,0,0,12.0,12,8,12,7,4,0,2,0,0,2,6.00,1.58
Jesse Biddle,ATL,15,0,0,0,11.2,18,7,11,10,1,0,1,0,0,0,5.40,2.40
Genesis Cabrera,STL,5,2,0,0,11.2,15,8,10,7,2,0,2,0,0,0,6.17,1.89
Joe Biagini,HOU,8,0,0,0,11.2,15,5,7,5,2,0,0,0,0,0,3.86,1.71
Taylor Williams,MIL,8,0,0,0,11.2,20,16,11,5,1,1,1,0,0,0,12.34,2.14
Chris Mazza,NYM,6,0,0,0,11.2,21,10,8,3,0,0,1,0,0,0,7.71,2.06
Jake Diekman,OAK,17,0,0,0,11.2,8,7,9,11,0,1,1,0,0,7,5.40,1.63
Sam Dyson,MIN,12,0,0,0,11.1,14,9,8,6,3,1,0,0,1,6,7.15,1.76
Alex Wilson,MIL,13,0,0,0,11.1,15,12,13,9,3,1,1,1,0,1,9.53,2.12
Adbert Alzolay,CHC,3,2,0,0,11.1,12,9,12,7,4,1,1,0,0,0,7.15,1.68
Dillon Tate,BAL,6,0,0,0,11.1,9,8,10,5,3,0,1,0,0,1,6.35,1.24
Jimmie Sherfy,ARI,6,0,0,0,11.0,12,1,10,5,0,0,0,0,0,0,0.82,1.55
Allen Webster,CHC,12,0,0,0,11.0,14,6,9,5,2,0,0,1,0,0,4.91,1.73
David McKay,DET,10,0,0,0,11.0,8,6,14,7,0,0,0,0,0,0,4.91,1.36
Jesse Biddle,SEA,11,0,0,0,11.0,20,12,8,7,2,0,0,0,1,1,9.82,2.45
Enyel De Los Santos,PHI,5,1,0,0,11.0,13,9,9,5,4,0,1,0,0,0,7.36,1.64
Rookie Davis,PIT,5,1,0,0,10.2,12,8,10,8,3,0,1,0,0,0,6.75,1.88
Robert Stock,SD,10,0,0,0,10.2,14,12,15,8,2,1,0,0,1,0,10.13,2.06
Joe Palumbo,TEX,4,3,0,0,10.2,16,14,9,5,4,0,2,0,0,0,11.81,1.97
Eduardo Jimenez,DET,8,0,0,0,10.2,12,7,8,5,1,0,0,0,0,0,5.91,1.59
Wes Parsons,COL,5,0,0,0,10.2,14,7,7,3,4,0,0,0,0,0,5.91,1.59
David Phelps,CHC,13,0,0,0,10.2,11,2,12,3,1,2,0,1,1,1,1.69,1.31
Randy Rosario,CHC,13,0,0,0,10.2,12,7,10,5,2,1,0,0,1,0,5.91,1.59
Nate Jones,CWS,13,0,0,0,10.1,10,4,10,7,2,0,1,1,0,2,3.48,1.65
Yefry Ramirez,BAL,4,1,0,0,10.1,11,8,11,9,2,0,2,0,0,0,6.97,1.94
Harrison Musgrave,COL,10,0,0,0,10.0,9,4,12,7,0,0,0,0,0,0,3.60,1.60
Joe Harvey,NYY,9,0,0,0,10.0,11,5,11,7,1,1,0,0,0,0,4.50,1.80
Matt Moore,DET,2,2,0,0,10.0,3,0,9,1,0,0,0,0,0,0,0.00,0.40
Ryne Stanek,MIA,10,0,0,0,10.0,11,8,10,10,3,0,2,1,4,1,7.20,2.10
Jake Faria,TB,7,0,0,0,10.0,10,3,11,7,2,0,0,0,0,0,2.70,1.70
Brian Schlitter,OAK,6,0,0,0,9.2,12,4,6,4,0,0,0,0,0,0,3.72,1.66
Derek Holland,CHC,12,0,0,0,9.2,8,5,8,3,2,0,0,0,1,2,4.66,1.14
Hunter Wood,CLE,11,0,0,0,9.2,16,5,9,2,2,0,0,0,0,1,4.66,1.86
Matt Carasiti,SEA,11,5,0,0,9.2,11,5,10,5,2,0,1,0,0,0,4.66,1.66
Edinson Volquez,TEX,4,3,0,0,9.2,11,8,7,10,3,0,1,0,0,0,7.45,2.17
Shane Carle,ATL,6,0,0,0,9.1,11,10,6,9,3,0,0,0,0,0,9.64,2.14
Dovydas Neverauskas,PIT,10,0,0,0,9.1,15,11,10,7,2,0,0,0,0,1,10.61,2.36
Dillon Maples,CHC,11,0,0,0,9.1,6,7,14,10,2,1,0,0,0,0,6.75,1.71
Adalberto Mejia,LAA,11,0,0,0,9.0,8,5,11,5,1,0,0,0,0,1,5.00,1.44
Jared Hughes,PHI,11,0,0,0,9.0,8,6,6,3,4,1,1,0,0,1,6.00,1.22
Devin Williams,MIL,8,0,0,0,9.0,14,4,8,5,1,0,0,0,0,0,4.00,2.11
Ryan Dull,OAK,7,0,0,0,9.0,19,12,8,4,4,0,0,0,0,1,12.00,2.56
Trevor Rosenthal,DET,10,0,0,0,9.0,3,7,12,11,0,0,0,0,0,1,7.00,1.56
Randy Dobnak,MIN,4,1,0,0,9.0,13,0,8,1,0,0,0,1,0,0,0.00,1.56
Eric Skoglund,KC,2,2,0,0,9.0,11,8,1,6,2,0,1,0,0,0,8.00,1.89
Gerson Bautista,SEA,8,2,0,0,9.0,13,11,7,9,2,0,1,0,0,0,11.00,2.44
Jordan Romano,TOR,8,0,0,0,9.0,3,4,15,5,2,0,1,0,0,3,4.00,0.89
Peter Fairbanks,TEX,8,0,0,0,8.2,8,9,15,7,4,0,2,0,0,0,9.35,1.73
Zac Grotz,SEA,6,0,0,0,8.2,7,3,8,5,0,1,0,0,0,0,3.12,1.38
Nick Burdi,PIT,11,0,0,0,8.2,11,9,17,3,1,2,1,0,1,0,9.35,1.62
Tim Collins,CHC,9,0,0,0,8.2,9,3,4,3,1,0,0,0,0,0,3.12,1.38
Cody Anderson,CLE,5,2,0,0,8.2,12,9,9,8,1,0,1,0,1,0,9.35,2.31
Josh D. Smith,CLE,8,0,0,0,8.1,8,5,12,8,0,0,0,0,0,0,5.40,1.92
Phil Maton,CLE,6,0,0,0,8.1,3,4,8,5,1,0,0,0,0,0,4.32,0.96
Grant Dayton,ATL,10,0,0,0,8.1,10,2,11,3,2,0,0,0,0,1,2.16,1.56
Neil Ramirez,TOR,6,1,0,0,8.1,8,5,6,6,2,0,0,0,0,0,5.40,1.68
Sean Poppen,MIN,4,0,0,0,8.1,10,7,9,5,1,0,0,0,0,0,7.56,1.80
Ian Gibaut,TEX,5,0,0,0,8.1,6,1,9,2,0,0,0,0,0,0,1.08,0.96
Jake Petricka,MIL,6,0,0,0,8.0,6,3,3,6,0,0,0,0,0,0,3.38,1.50
Adrian Morejon,SD,5,2,0,0,8.0,15,9,9,3,1,0,0,0,0,0,10.13,2.25
Fernando Romero,MIN,8,0,0,0,8.0,12,7,8,5,2,0,0,0,0,0,7.88,2.13
Brad Brach,NYM,9,0,0,0,8.0,8,5,9,2,0,0,1,0,1,0,5.63,1.25
Adam Kolarek,LAD,15,0,0,0,8.0,7,0,5,2,0,2,0,0,0,2,0.00,1.13
Cionel Perez,HOU,4,0,0,0,8.0,11,10,5,2,3,1,1,0,0,0,11.25,1.63
JC Ramirez,LAA,5,0,0,0,8.0,8,4,4,1,1,0,0,0,0,0,4.50,1.13
Jon Edwards,CLE,9,0,0,0,8.0,5,2,5,6,2,2,0,0,0,0,2.25,1.38
R.J. Alaniz,CIN,5,0,0,0,8.0,5,4,3,2,0,0,0,0,0,0,4.50,0.88
Hector Santiago,NYM,8,0,0,0,8.0,10,6,6,5,1,1,0,0,0,0,6.75,1.88
Sal Romano,CIN,4,0,0,0,7.2,14,10,7,3,2,0,0,2,0,0,11.74,2.22
Tayler Scott,SEA,5,2,0,0,7.2,11,8,7,6,1,0,0,0,0,0,9.39,2.22
Yefry Ramirez,PIT,2,0,0,0,7.2,12,6,7,4,2,0,0,0,0,0,7.04,2.09
Parker Markel,PIT,6,0,0,0,7.2,8,6,10,5,2,0,1,0,0,0,7.04,1.70
Brooks Pounders,NYM,7,0,0,0,7.1,9,5,5,2,1,1,0,0,0,0,6.14,1.50
Tim Peterson,NYM,6,0,0,0,7.1,7,4,3,7,1,0,0,0,0,0,4.91,1.91
David McKay,SEA,7,0,0,0,7.0,5,4,5,8,1,0,0,0,0,0,5.14,1.86
Thyago Vieira,CWS,6,0,0,0,7.0,11,7,8,5,0,1,0,0,0,0,9.00,2.29
Fernando Abad,SF,10,0,0,0,7.0,5,3,3,2,2,0,1,0,0,2,3.86,1.00
Taylor Guilbeau,SEA,8,0,0,0,7.0,7,4,5,3,1,0,0,0,1,2,5.14,1.43
Dan Altavilla,SEA,8,0,0,0,6.2,5,6,6,9,0,0,0,0,1,0,8.10,2.10
Williams Jerez,SF,6,0,0,0,6.2,7,2,4,6,1,1,0,0,0,1,2.70,1.95
Locke St. John,TEX,7,0,0,0,6.2,7,4,5,4,0,0,0,0,0,2,5.40,1.65
Ryan Borucki,TOR,2,2,0,0,6.2,15,8,6,6,2,0,1,0,0,0,10.80,3.15
Tayler Scott,BAL,6,0,0,0,6.2,16,16,3,5,5,0,0,0,0,0,21.60,3.15
Miguel Del Pozo,LAA,8,0,0,0,6.2,1,2,9,3,0,1,1,0,0,0,2.70,0.60
Jose Rodriguez,LAA,3,0,0,0,6.2,7,3,5,1,3,0,0,0,0,0,4.05,1.20
Donnie Hart,MIL,4,0,0,0,6.2,4,0,3,4,0,0,0,0,0,0,0.00,1.20
Stephen Nogosek,NYM,7,0,0,0,6.2,12,8,6,2,2,0,1,0,0,0,10.80,2.10
Corey Oswalt,NYM,2,0,0,0,6.2,9,9,5,6,1,0,1,0,0,0,12.15,2.25
David Robertson,PHI,7,0,0,0,6.2,8,4,6,6,1,0,1,0,0,2,5.40,2.10
Ray Black,MIL,6,0,0,0,6.2,3,2,2,3,1,0,0,0,0,0,2.70,0.90
Trevor Rosenthal,WAS,12,0,0,0,6.1,8,16,5,15,0,0,1,0,0,1,22.74,3.63
Jacob Rhame,NYM,5,0,0,0,6.1,3,3,5,9,1,0,1,0,0,0,4.26,1.89
Daniel Zamora,NYM,13,0,0,0,6.1,10,5,6,4,1,0,1,0,0,0,7.11,2.21
Jacob Barnes,KC,6,0,0,0,6.1,7,6,2,4,3,0,1,0,0,0,8.53,1.74
Ty Blach,SF,2,0,0,0,6.1,14,10,3,4,2,0,0,0,0,0,14.21,2.84
Steven Wright,BOS,6,0,0,0,6.1,11,6,5,4,3,0,1,0,0,0,8.53,2.37
Jeremy Walker,ATL,4,0,0,0,6.1,6,1,3,3,0,0,0,0,0,0,1.42,1.42
Cody Reed,CIN,3,0,0,0,6.1,6,1,7,1,0,0,0,0,0,0,1.42,1.11
Junior Fernandez,STL,6,0,0,0,6.1,4,2,9,5,0,0,0,0,0,0,2.84,1.42
Miguel Diaz,SD,5,0,0,0,6.1,9,5,4,1,1,0,0,0,0,1,7.11,1.58
Ronald Bolanos,SD,1,1,0,0,6.0,5,2,4,2,0,0,1,0,0,0,3.00,1.17
Drew Anderson,PHI,2,0,0,0,6.0,6,5,6,6,1,0,0,0,0,0,7.50,2.00
Carlos Torres,DET,4,0,0,0,6.0,9,5,8,1,2,0,0,0,0,0,7.50,1.67
Cory Gearrin,NYY,6,0,0,0,6.0,9,4,4,1,1,1,0,0,0,1,6.00,1.67
Luke Gregerson,STL,6,0,0,0,5.2,11,5,2,1,0,0,0,0,0,0,7.94,2.12
Luis Escobar,PIT,4,0,0,0,5.2,10,5,2,4,1,0,0,0,0,0,7.94,2.47
Tyler Rogers,SF,5,0,0,0,5.2,4,1,2,1,0,1,0,0,1,0,1.59,0.88
Jonathan Hernandez,TEX,3,0,0,0,5.2,4,1,5,4,1,1,0,0,0,0,1.59,1.41
Wei-Chieh Huang,TEX,4,0,0,0,5.2,8,2,2,5,0,0,0,0,0,0,3.18,2.29
Ryan Feierabend,TOR,2,1,1,0,5.2,11,7,4,1,2,0,1,0,0,0,11.12,2.12
Jesse Biddle,TEX,4,0,0,0,5.1,4,7,7,5,2,0,0,0,0,0,11.81,1.69
Luke Farrell,TEX,3,0,0,0,5.1,2,2,6,1,2,0,0,0,0,0,3.38,0.56
Pedro Avila,SD,1,1,0,0,5.1,4,1,5,2,0,0,0,0,0,0,1.69,1.13
Tommy Hunter,PHI,5,0,0,0,5.1,2,0,5,0,0,0,0,0,0,1,0.00,0.38
Nate Karns,BAL,4,2,0,0,5.1,7,0,5,3,0,0,1,0,0,0,0.00,1.88
Hunter Harvey,BAL,6,0,0,0,5.1,3,1,10,4,1,1,0,0,1,1,1.69,1.31
Reymin Guduan,HOU,7,0,0,0,5.1,8,7,6,4,3,1,0,0,1,0,11.81,2.25
Kyle Keller,MIA,4,0,0,0,5.1,4,4,6,4,3,0,0,0,0,0,6.75,1.50
Jaime Schultz,LAD,4,0,0,0,5.0,6,4,3,3,1,0,0,0,0,0,7.20,1.80
Dennis Santana,LAD,3,0,0,0,5.0,6,4,6,4,1,0,0,0,0,0,7.20,2.00
Rico Garcia,COL,1,1,0,0,5.0,7,6,2,5,3,0,1,0,0,0,10.80,2.40
Sean Manaea,OAK,1,1,0,0,5.0,1,0,5,3,0,0,0,0,0,0,0.00,0.80
Brady Rodgers,HOU,3,0,0,0,5.0,7,9,4,3,4,0,0,0,0,0,16.20,2.00
Michael Blazek,WAS,4,0,0,0,5.0,6,4,0,5,1,0,0,0,0,0,7.20,2.20
Jonny Venters,ATL,9,0,0,0,4.2,9,9,7,8,3,0,0,1,1,1,17.36,3.64
Victor Arano,PHI,3,0,0,0,4.2,2,2,7,2,1,1,0,0,0,0,3.86,0.86
Parker Markel,SEA,5,0,0,0,4.2,10,8,3,4,3,0,0,0,0,0,15.43,3.00
Andrew Moore,SEA,1,1,0,0,4.2,6,4,2,1,2,0,0,0,0,0,7.71,1.50
Dan Jennings,WAS,8,0,0,0,4.2,8,7,9,7,1,1,2,0,2,0,13.50,3.21
Joel Kuhnel,CIN,5,0,0,0,4.2,5,5,6,2,1,0,0,0,0,0,9.64,1.50
Matt Wotherspoon,BAL,2,0,0,0,4.2,10,8,2,2,2,0,0,0,0,0,15.43,2.57
Duane Underwood,CHC,4,0,0,0,4.1,4,1,7,0,0,0,0,0,0,0,2.08,0.92
Bobby Poyner,BOS,3,0,0,0,4.0,9,7,2,4,1,0,0,0,0,0,15.75,3.25
Danny Salazar,CLE,1,1,0,0,4.0,4,2,2,3,2,0,1,0,0,0,4.50,1.75
R.J. Alaniz,SEA,4,0,0,0,4.0,11,9,6,3,3,0,0,0,0,0,20.25,3.50
Chandler Shepherd,BAL,1,0,0,0,4.0,5,1,2,3,0,0,0,0,0,0,2.25,2.00
Joel Payamps,ARI,2,0,0,0,4.0,4,2,3,3,0,0,0,0,0,0,4.50,1.75
Robby Scott,ARI,4,0,0,0,4.0,5,2,6,4,0,0,0,0,0,0,4.50,2.25
John Schreiber,DET,4,0,0,0,4.0,8,5,5,3,1,0,0,0,0,0,11.25,2.75
Tyler Lyons,PIT,3,0,0,0,4.0,6,5,5,3,1,1,1,0,0,1,11.25,2.25
Arodys Vizcaino,ATL,4,0,0,0,4.0,3,1,6,3,1,1,0,1,1,0,2.25,1.50
Sam Selman,SF,4,0,0,0,4.0,4,3,4,2,2,0,0,0,1,0,6.75,1.50
Brock Stewart,LAD,3,0,0,0,4.0,9,8,3,2,2,0,0,0,0,0,18.00,2.75
T.J. Zeuch,TOR,1,0,0,0,4.0,3,2,4,2,0,0,0,0,0,0,4.50,1.25
Hoby Milner,TB,3,0,0,0,3.2,4,2,3,1,0,0,0,0,0,1,4.91,1.36
Jake Barrett,NYY,2,0,0,0,3.2,6,6,4,2,2,0,0,0,0,0,14.73,2.18
Jose Fernandez,DET,4,0,0,0,3.2,6,7,2,5,1,0,0,0,0,0,17.18,3.00
Shawn Armstrong,SEA,4,0,0,0,3.2,8,6,3,3,1,0,1,0,0,0,14.73,3.00
Ryan Eades,MIN,2,0,0,0,3.2,4,0,5,2,0,0,0,0,0,0,0.00,1.64
Jimmy Herget,CIN,3,0,0,0,3.2,6,3,0,1,2,0,0,0,0,0,7.36,1.91
Luis Ortiz,BAL,1,1,0,0,3.1,4,4,3,5,2,0,1,0,0,0,10.80,2.70
Jake Faria,MIL,3,0,0,0,3.1,5,3,2,1,1,0,0,0,0,2,8.10,1.80
David Carpenter,TEX,4,0,0,0,3.1,4,2,2,4,0,0,0,0,0,0,5.40,2.40
Jonny Venters,WAS,3,0,0,0,3.1,3,2,5,2,0,0,1,0,0,1,5.40,1.50
Hunter Strickland,SEA,4,0,0,0,3.1,2,3,3,0,1,0,1,2,1,0,8.10,0.60
Pat Venditte,SF,2,0,0,0,3.1,4,6,2,2,1,0,0,0,0,0,16.20,1.80
Aaron Loup,SD,4,0,0,0,3.1,2,0,5,1,0,0,0,0,0,1,0.00,0.90
Eric Yardley,SD,2,0,0,0,3.0,6,3,2,1,1,0,1,0,0,0,9.00,2.33
Zac Rosscup,LAD,7,0,0,0,3.0,6,2,4,3,1,0,0,0,0,0,6.00,3.00
Ryan Garton,SEA,2,0,0,0,3.0,4,4,1,1,2,0,0,0,0,0,12.00,1.67
Alex Reyes,STL,4,0,0,0,3.0,2,5,1,6,1,0,1,0,0,2,15.00,2.67
Peter Fairbanks,TB,3,0,0,0,3.0,4,1,3,1,0,0,0,0,0,1,3.00,1.67
Jose De Leon,TB,2,0,0,0,3.0,2,1,4,3,0,1,0,0,0,0,3.00,1.67
Aaron Slegers,TB,1,0,0,0,3.0,3,1,0,0,1,0,0,1,0,0,3.00,1.00
Joe Mantiply,NYY,1,0,0,0,3.0,3,3,2,2,1,1,0,0,0,0,9.00,1.67
Paul Blackburn,OAK,1,1,0,0,3.0,5,5,4,3,1,0,1,0,0,0,15.00,2.67
Josh Sborz,LAD,2,0,0,0,3.0,6,6,1,2,1,0,0,0,0,0,18.00,2.67
Huascar Ynoa,ATL,2,0,0,0,3.0,6,6,3,1,1,0,0,0,0,0,18.00,2.33
Adalberto Mejia,STL,2,0,0,0,3.0,8,3,2,1,0,0,0,0,0,0,9.00,3.00
Erasmo Ramirez,BOS,1,0,0,0,3.0,4,4,1,1,2,0,0,0,0,0,12.00,1.67
Caleb Frare,CWS,5,0,0,0,2.2,2,3,3,4,1,0,0,0,0,0,10.13,2.25
Keynan Middleton,LAA,3,0,0,0,2.2,1,0,2,3,0,0,0,0,0,0,0.00,1.50
Austin Adams,MIN,2,0,0,0,2.2,4,5,5,3,2,0,0,0,0,0,16.88,2.63
Fernando Salas,PHI,3,0,0,0,2.2,8,2,3,0,1,0,0,0,0,0,6.75,3.00
Brady Lail,NYY,1,0,0,0,2.2,2,3,2,1,1,0,0,0,0,0,10.13,1.13
Yacksel Rios,PHI,4,0,0,0,2.2,6,4,2,3,2,0,0,0,0,0,13.50,3.38
Ricardo Pinto,TB,2,0,0,0,2.1,4,4,0,2,1,0,0,0,0,0,15.43,2.57
Roenis Elias,WAS,3,0,0,0,2.1,4,2,1,1,2,0,0,0,1,1,7.71,2.14
Brent Suter,MIL,1,0,0,0,2.1,3,1,2,0,1,0,0,0,0,0,3.86,1.29
A.J. Puk,OAK,3,0,0,0,2.1,2,1,2,3,0,0,0,0,1,1,3.86,2.14
John Curtiss,LAA,1,0,0,0,2.1,2,1,1,3,0,0,0,0,0,0,3.86,2.14
Sean Gilmartin,BAL,1,1,0,0,2.1,7,5,1,2,2,0,1,0,0,0,19.29,3.86
Logan Allen,CLE,1,0,0,0,2.1,3,0,3,0,0,0,0,0,0,0,0.00,1.29
James Hoyt,CLE,2,0,0,0,2.0,1,0,3,0,0,0,0,0,0,0,0.00,0.50
Xavier Cedeno,CHC,5,0,0,0,2.0,4,0,1,3,0,0,0,0,0,0,0.00,3.50
Ryan Eades,BAL,1,0,0,0,2.0,1,0,2,1,0,0,0,0,0,0,0.00,1.00
Nick Vincent,PHI,2,0,0,0,2.0,2,0,1,1,0,1,0,0,0,0,0.00,1.50
Ray Black,SF,2,0,0,0,2.0,4,1,5,1,1,0,0,0,0,0,4.50,2.50
Adonis Rosa,NYY,1,0,0,0,2.0,1,1,2,0,1,0,0,0,0,0,4.50,0.50
Brusdar Graterol,MIN,2,0,0,0,2.0,2,0,1,1,0,0,0,0,0,0,0.00,1.50
Phillip Diehl,COL,2,0,0,0,2.0,4,4,3,1,1,0,0,0,0,0,18.00,2.50
Sam Freeman,LAA,1,0,0,0,2.0,3,1,0,2,1,0,0,0,0,0,4.50,2.50
Ian Gibaut,TB,1,0,0,0,2.0,1,2,2,2,0,0,0,0,0,0,9.00,1.50
Chasen Shreve,STL,3,0,0,0,2.0,2,2,2,1,0,1,0,0,0,1,9.00,1.50
Carl Edwards Jr.,SD,2,0,0,0,1.2,4,6,2,4,0,0,0,0,0,0,32.40,4.80
Yacksel Rios,PIT,1,0,0,0,1.1,0,0,2,0,0,0,0,0,0,0,0.00,0.00
David Bednar,SD,2,0,0,0,1.1,1,0,1,1,0,0,0,0,0,0,0.00,1.50
Ryan O'Rourke,NYM,2,0,0,0,1.1,0,0,1,3,0,0,0,0,0,0,0.00,2.25
Nick Rumbelow,SEA,3,0,0,0,1.1,3,4,2,1,2,0,0,1,0,0,27.00,3.00
Tony Barnette,CHC,2,0,0,0,1.1,2,1,0,0,1,0,0,0,0,0,6.75,1.50
Jimmy Cordero,TOR,1,0,0,0,1.1,2,1,0,0,1,0,1,0,0,0,6.75,1.50
Brad Wieck,CHC,2,0,0,0,1.1,0,0,3,0,0,0,0,0,0,0,0.00,0.00
James Norwood,CHC,1,0,0,0,1.0,0,0,1,1,0,0,0,0,0,0,0.00,1.00
Trevor Kelley,BOS,1,0,0,0,1.0,2,3,1,1,0,0,0,0,0,0,27.00,3.00
Chris Rusin,COL,2,0,0,0,1.0,5,4,0,1,1,0,0,0,0,0,36.00,6.00
James Pazos,COL,2,0,0,0,1.0,1,0,1,2,0,0,0,0,0,0,0.00,3.00
Chase De Jong,MIN,1,0,0,0,1.0,3,4,0,3,1,0,0,0,0,0,36.00,6.00
Ben Lively,KC,1,0,0,0,1.0,3,3,1,0,1,0,0,0,0,0,27.00,3.00
Matt Ramsey,LAA,1,0,0,0,1.0,0,0,1,0,0,0,0,0,0,0,0.00,0.00
Donnie Hart,NYM,1,0,0,0,1.0,0,0,0,0,0,0,0,0,0,0,0.00,0.00
Tyler Lyons,NYY,1,0,0,0,1.0,2,1,1,0,1,0,0,0,0,0,9.00,2.00
Ryan Dull,NYY,1,0,0,0,1.0,2,3,1,2,0,0,0,0,0,0,27.00,4.00
Sandy Baez,DET,1,0,0,0,1.0,2,1,0,0,0,0,0,0,0,0,9.00,2.00
Bryan Garcia,DET,1,0,0,0,1.0,0,0,0,0,0,0,0,0,0,0,0.00,0.00
Bryan Abreu,HOU,1,0,0,0,1.0,0,0,0,0,0,0,0,0,0,0,0.00,0.00
Austin Adams,WAS,1,0,0,0,1.0,0,1,2,2,0,0,0,0,0,0,9.00,2.00
Zac Rosscup,TOR,2,0,0,0,1.0,3,3,2,2,0,0,0,0,0,0,27.00,5.00
Chris Ellis,KC,1,0,0,0,1.0,1,0,0,1,0,0,0,0,0,0,0.00,2.00
Kyle Barraclough,SF,1,0,0,0,1.0,1,0,2,1,0,0,0,0,0,0,0.00,2.00
Wei-Chung Wang,PIT,1,0,0,0,1.0,1,0,0,0,0,1,0,0,0,0,0.00,1.00
Javy Guerra,SD,1,0,0,0,0.2,5,4,1,0,3,0,0,0,0,0,54.00,7.50
Jose Castillo,SD,1,0,0,0,0.2,0,0,2,1,0,0,0,0,0,0,0.00,1.50
James Bourque,WAS,1,0,0,0,0.2,3,4,0,2,0,0,0,0,0,0,54.00,7.50
Yennsy Diaz,TOR,1,0,0,0,0.2,1,2,0,4,0,0,0,0,0,0,27.00,7.50
Deolis Guerra,MIL,1,0,0,0,0.2,4,4,0,0,1,0,0,0,0,0,54.00,6.00
Pedro Araujo,BAL,1,0,0,0,0.2,2,2,0,1,1,0,0,0,0,0,27.00,4.50
Austen Williams,WAS,2,0,0,0,0.1,5,6,1,1,2,0,0,0,0,0,162.00,18.00
Taylor Hearn,TEX,1,1,0,0,0.1,3,4,0,4,0,0,1,0,0,0,108.00,21.00